Timestamp,Load_kW,ESS_Supply_kW,HFS_Supply_kW,Grid_Supply_kW,Grid_Price_$_per_kWh,ESS_SOC_%,HFS_SOF_%,Grid_Energy_kWh,Grid_Cost_$,Status
2025-03-14 00:00:00,15.454591478701815,0,0,30.0,0.15,55.396034993824706,50.0,15.0,2.25,"[2025-03-14 00:00:00] Normal: RES covers 15.45 kW + 10.15 kW charging ESS, Grid 0.00 kW + 30.00 kW charging ESS (SoC 55.4%)."
2025-03-14 00:30:00,13.62062014974332,0,0,30.0,0.15,61.25860453466612,50.0,15.0,2.25,"[2025-03-14 00:30:00] Normal: RES covers 13.62 kW + 13.62 kW charging ESS, Grid 0.00 kW + 30.00 kW charging ESS (SoC 61.3%)."
2025-03-14 01:00:00,14.322469758109545,0,0,32.876239638895605,0.15,65.29086259918225,50.0,16.438119819447802,2.46571797291717,"[2025-03-14 01:00:00] Normal: RES covers 11.45 kW + 0.00 kW charging ESS, Grid 2.88 kW + 30.00 kW charging ESS (SoC 65.3%)."
2025-03-14 01:30:00,14.533039892452758,0,0,34.63583569083953,0.15,69.32312066369836,50.0,17.317917845419764,2.5976876768129644,"[2025-03-14 01:30:00] Normal: RES covers 9.90 kW + 0.00 kW charging ESS, Grid 4.64 kW + 30.00 kW charging ESS (SoC 69.3%)."
2025-03-14 02:00:00,13.999654114778973,0,0,31.67832037467837,0.15,73.3553787282145,50.0,15.839160187339186,2.3758740281008777,"[2025-03-14 02:00:00] Normal: RES covers 12.32 kW + 0.00 kW charging ESS, Grid 1.68 kW + 30.00 kW charging ESS (SoC 73.4%)."
2025-03-14 02:30:00,14.536660574884927,0,0,30.0,0.15,78.91163543154639,50.0,15.0,2.25,"[2025-03-14 02:30:00] Normal: RES covers 14.54 kW + 11.34 kW charging ESS, Grid 0.00 kW + 30.00 kW charging ESS (SoC 78.9%)."
2025-03-14 03:00:00,14.475229015698709,0,0,30.0,0.15,83.35664425513208,50.0,15.0,2.25,"[2025-03-14 03:00:00] Normal: RES covers 14.48 kW + 3.07 kW charging ESS, Grid 0.00 kW + 30.00 kW charging ESS (SoC 83.4%)."
2025-03-14 03:30:00,15.030921416261497,0,0,30.0,0.15,88.5281060445951,50.0,15.0,2.25,"[2025-03-14 03:30:00] Normal: RES covers 15.03 kW + 8.48 kW charging ESS, Grid 0.00 kW + 30.00 kW charging ESS (SoC 88.5%)."
2025-03-14 04:00:00,14.932049856191961,0,0,34.10834813853958,0.15,92.56036410911125,50.0,17.05417406926979,2.5581261103904684,"[2025-03-14 04:00:00] Normal: RES covers 10.82 kW + 0.00 kW charging ESS, Grid 4.11 kW + 30.00 kW charging ESS (SoC 92.6%)."
2025-03-14 04:30:00,14.84506281572887,0,0,30.0,0.15,97.40861802198621,50.0,15.0,2.25,"[2025-03-14 04:30:00] Normal: RES covers 14.85 kW + 6.07 kW charging ESS, Grid 0.00 kW + 30.00 kW charging ESS (SoC 97.4%)."
2025-03-14 05:00:00,14.5032266130064,0,0,30.0,0.15,100.0,50.0,15.0,2.25,"[2025-03-14 05:00:00] Normal: RES covers 14.50 kW + 7.15 kW charging ESS, Grid 0.00 kW + 30.00 kW charging ESS (SoC 100.0%)."
2025-03-14 05:30:00,14.582469561978158,0,0,0.0,0.15,100.0,50.0,0.0,0.0,"[2025-03-14 05:30:00] Normal: RES covers 14.58 kW + 7.90 kW charging ESS, Grid 0.00 kW + 0.00 kW charging ESS (SoC 100.0%)."
2025-03-14 06:00:00,15.97701233785373,0,0,0.0,0.15,100.0,50.0,0.0,0.0,"[2025-03-14 06:00:00] Normal: RES covers 15.98 kW + 3.61 kW charging ESS, Grid 0.00 kW + 0.00 kW charging ESS (SoC 100.0%)."
2025-03-14 06:30:00,15.33560326989058,0,0,0.0,0.15,100.0,50.0,0.0,0.0,"[2025-03-14 06:30:00] Normal: RES covers 15.34 kW + 7.16 kW charging ESS, Grid 0.00 kW + 0.00 kW charging ESS (SoC 100.0%)."
2025-03-14 07:00:00,16.236585298800744,0,0,0.0,0.2,100.0,50.0,0.0,0.0,"[2025-03-14 07:00:00] Normal: RES covers 16.24 kW + 8.87 kW charging ESS, Grid 0.00 kW + 0.00 kW charging ESS (SoC 100.0%)."
2025-03-14 07:30:00,17.200503556051633,0,0,0.0,0.2,100.0,50.0,0.0,0.0,"[2025-03-14 07:30:00] Normal: RES covers 17.20 kW + 19.57 kW charging ESS, Grid 0.00 kW + 0.00 kW charging ESS (SoC 100.0%)."
2025-03-14 08:00:00,21.27821391172751,0,0,0.0,0.2,100.0,50.0,0.0,0.0,"[2025-03-14 08:00:00] Normal: RES covers 21.28 kW + 20.48 kW charging ESS, Grid 0.00 kW + 0.00 kW charging ESS (SoC 100.0%)."
2025-03-14 08:30:00,22.673904621030196,0,0,0.0,0.2,100.0,50.0,0.0,0.0,"[2025-03-14 08:30:00] Normal: RES covers 22.67 kW + 23.72 kW charging ESS, Grid 0.00 kW + 0.00 kW charging ESS (SoC 100.0%)."
2025-03-14 09:00:00,21.359935169010136,0,0,0.0,0.2,100.0,50.0,0.0,0.0,"[2025-03-14 09:00:00] Normal: RES covers 21.36 kW + 34.45 kW charging ESS, Grid 0.00 kW + 0.00 kW charging ESS (SoC 100.0%)."
2025-03-14 09:30:00,22.554505482764107,0,0,0.0,0.2,100.0,50.0,0.0,0.0,"[2025-03-14 09:30:00] Normal: RES covers 22.55 kW + 45.86 kW charging ESS, Grid 0.00 kW + 0.00 kW charging ESS (SoC 100.0%)."
2025-03-14 10:00:00,23.247200363327103,0,0,0.0,0.2,100.0,50.0,0.0,0.0,"[2025-03-14 10:00:00] Normal: RES covers 23.25 kW + 29.51 kW charging ESS, Grid 0.00 kW + 0.00 kW charging ESS (SoC 100.0%)."
2025-03-14 10:30:00,22.62292868111117,0,0,0.0,0.2,100.0,50.0,0.0,0.0,"[2025-03-14 10:30:00] Normal: RES covers 22.62 kW + 48.26 kW charging ESS, Grid 0.00 kW + 0.00 kW charging ESS (SoC 100.0%)."
2025-03-14 11:00:00,22.027497300133994,0,0,0.0,0.2,100.0,50.0,0.0,0.0,"[2025-03-14 11:00:00] Normal: RES covers 22.03 kW + 52.18 kW charging ESS, Grid 0.00 kW + 0.00 kW charging ESS (SoC 100.0%)."
2025-03-14 11:30:00,21.7663585190875,0,0,0.0,0.2,100.0,50.0,0.0,0.0,"[2025-03-14 11:30:00] Normal: RES covers 21.77 kW + 60.32 kW charging ESS, Grid 0.00 kW + 0.00 kW charging ESS (SoC 100.0%)."
2025-03-14 12:00:00,22.50072234036777,0,0,0.0,0.2,100.0,50.0,0.0,0.0,"[2025-03-14 12:00:00] Normal: RES covers 22.50 kW + 43.11 kW charging ESS, Grid 0.00 kW + 0.00 kW charging ESS (SoC 100.0%)."
2025-03-14 12:30:00,23.869606993451722,0,0,0.0,0.2,100.0,50.0,0.0,0.0,"[2025-03-14 12:30:00] Normal: RES covers 23.87 kW + 51.86 kW charging ESS, Grid 0.00 kW + 0.00 kW charging ESS (SoC 100.0%)."
2025-03-14 13:00:00,22.353528578526497,0,0,0.0,0.2,100.0,50.0,0.0,0.0,"[2025-03-14 13:00:00] Normal: RES covers 22.35 kW + 50.13 kW charging ESS, Grid 0.00 kW + 0.00 kW charging ESS (SoC 100.0%)."
2025-03-14 13:30:00,22.495588876922383,0,0,0.0,0.2,100.0,50.0,0.0,0.0,"[2025-03-14 13:30:00] Normal: RES covers 22.50 kW + 38.82 kW charging ESS, Grid 0.00 kW + 0.00 kW charging ESS (SoC 100.0%)."
2025-03-14 14:00:00,21.22724879511815,0,0,0.0,0.3,100.0,50.0,0.0,0.0,"[2025-03-14 14:00:00] Normal: RES covers 21.23 kW + 39.44 kW charging ESS, Grid 0.00 kW + 0.00 kW charging ESS (SoC 100.0%)."
2025-03-14 14:30:00,21.69670614621158,0,0,0.0,0.3,100.0,50.0,0.0,0.0,"[2025-03-14 14:30:00] Normal: RES covers 21.70 kW + 34.38 kW charging ESS, Grid 0.00 kW + 0.00 kW charging ESS (SoC 100.0%)."
2025-03-14 15:00:00,24.190951345912175,0,0,0.0,0.3,100.0,50.0,0.0,0.0,"[2025-03-14 15:00:00] Normal: RES covers 24.19 kW + 23.54 kW charging ESS, Grid 0.00 kW + 0.00 kW charging ESS (SoC 100.0%)."
2025-03-14 15:30:00,22.963556911465563,0,0,0.0,0.3,100.0,50.0,0.0,0.0,"[2025-03-14 15:30:00] Normal: RES covers 22.96 kW + 20.08 kW charging ESS, Grid 0.00 kW + 0.00 kW charging ESS (SoC 100.0%)."
2025-03-14 16:00:00,22.068051604480686,0,0,0.0,0.3,100.0,50.0,0.0,0.0,"[2025-03-14 16:00:00] Normal: RES covers 22.07 kW + 15.36 kW charging ESS, Grid 0.00 kW + 0.00 kW charging ESS (SoC 100.0%)."
2025-03-14 16:30:00,22.321991396919092,0,0,0.0,0.3,100.0,50.0,0.0,0.0,"[2025-03-14 16:30:00] Normal: RES covers 22.32 kW + 15.07 kW charging ESS, Grid 0.00 kW + 0.00 kW charging ESS (SoC 100.0%)."
2025-03-14 17:00:00,22.25679293334297,0,0,0.0,0.3,100.0,50.0,0.0,0.0,"[2025-03-14 17:00:00] Normal: RES covers 22.26 kW + 8.71 kW charging ESS, Grid 0.00 kW + 0.00 kW charging ESS (SoC 100.0%)."
2025-03-14 17:30:00,22.870643088160346,0,0,0.0,0.3,100.0,50.0,0.0,0.0,"[2025-03-14 17:30:00] Normal: RES covers 22.87 kW + 1.45 kW charging ESS, Grid 0.00 kW + 0.00 kW charging ESS (SoC 100.0%)."
2025-03-14 18:00:00,22.782558434561928,0,0,4.794203178091983,0.3,100.0,50.0,2.3971015890459917,0.7191304767137975,"[2025-03-14 18:00:00] Normal: RES covers 17.99 kW + 0.00 kW charging ESS, Grid 4.79 kW + 0.00 kW charging ESS (SoC 100.0%)."
2025-03-14 18:30:00,22.91780489107662,0,0,0.0,0.3,100.0,50.0,0.0,0.0,"[2025-03-14 18:30:00] Normal: RES covers 22.92 kW + 4.13 kW charging ESS, Grid 0.00 kW + 0.00 kW charging ESS (SoC 100.0%)."
2025-03-14 19:00:00,21.99597372429751,0,0,1.6676021380556527,0.3,100.0,50.0,0.8338010690278264,0.2501403207083479,"[2025-03-14 19:00:00] Normal: RES covers 20.33 kW + 0.00 kW charging ESS, Grid 1.67 kW + 0.00 kW charging ESS (SoC 100.0%)."
2025-03-14 19:30:00,21.645549608137056,0,0,7.085086627477416,0.3,100.0,50.0,3.542543313738708,1.0627629941216123,"[2025-03-14 19:30:00] Normal: RES covers 14.56 kW + 0.00 kW charging ESS, Grid 7.09 kW + 0.00 kW charging ESS (SoC 100.0%)."
2025-03-14 20:00:00,15.58238796946809,0,0,0.0,0.2,100.0,50.0,0.0,0.0,"[2025-03-14 20:00:00] Normal: RES covers 15.58 kW + 1.60 kW charging ESS, Grid 0.00 kW + 0.00 kW charging ESS (SoC 100.0%)."
2025-03-14 20:30:00,14.974725545525123,0,0,0.5005990996885625,0.2,100.0,50.0,0.25029954984428127,0.05005990996885626,"[2025-03-14 20:30:00] Normal: RES covers 14.47 kW + 0.00 kW charging ESS, Grid 0.50 kW + 0.00 kW charging ESS (SoC 100.0%)."
2025-03-14 21:00:00,16.20600164860865,0,0,0.0,0.2,100.0,50.0,0.0,0.0,"[2025-03-14 21:00:00] Normal: RES covers 16.21 kW + 12.81 kW charging ESS, Grid 0.00 kW + 0.00 kW charging ESS (SoC 100.0%)."
2025-03-14 21:30:00,16.331626153184864,0,0,4.271998172422638,0.2,100.0,50.0,2.135999086211319,0.4271998172422638,"[2025-03-14 21:30:00] Normal: RES covers 12.06 kW + 0.00 kW charging ESS, Grid 4.27 kW + 0.00 kW charging ESS (SoC 100.0%)."
2025-03-14 22:00:00,14.750163249931981,0,0,1.0014786222394694,0.15,100.0,50.0,0.5007393111197347,0.0751108966679602,"[2025-03-14 22:00:00] Normal: RES covers 13.75 kW + 0.00 kW charging ESS, Grid 1.00 kW + 0.00 kW charging ESS (SoC 100.0%)."
2025-03-14 22:30:00,15.098027054815534,0,0,0.0,0.15,100.0,50.0,0.0,0.0,"[2025-03-14 22:30:00] Normal: RES covers 15.10 kW + 7.88 kW charging ESS, Grid 0.00 kW + 0.00 kW charging ESS (SoC 100.0%)."
2025-03-14 23:00:00,13.445244789072657,0,0,0.0,0.15,100.0,50.0,0.0,0.0,"[2025-03-14 23:00:00] Normal: RES covers 13.45 kW + 5.32 kW charging ESS, Grid 0.00 kW + 0.00 kW charging ESS (SoC 100.0%)."
2025-03-14 23:30:00,14.197796111745202,0,0,0.0,0.15,100.0,50.0,0.0,0.0,"[2025-03-14 23:30:00] Normal: RES covers 14.20 kW + 1.78 kW charging ESS, Grid 0.00 kW + 0.00 kW charging ESS (SoC 100.0%)."
2025-03-15 00:00:00,15.085536831152721,0,0,0.0,0.15,100.0,50.0,0.0,0.0,"[2025-03-15 00:00:00] Normal: RES covers 15.09 kW + 11.61 kW charging ESS, Grid 0.00 kW + 0.00 kW charging ESS (SoC 100.0%)."
2025-03-15 00:30:00,13.680791667462739,0,0,0.0,0.15,100.0,50.0,0.0,0.0,"[2025-03-15 00:30:00] Normal: RES covers 13.68 kW + 0.31 kW charging ESS, Grid 0.00 kW + 0.00 kW charging ESS (SoC 100.0%)."
2025-03-15 01:00:00,14.439958328975866,0,0,0.0,0.15,100.0,50.0,0.0,0.0,"[2025-03-15 01:00:00] Normal: RES covers 14.44 kW + 11.09 kW charging ESS, Grid 0.00 kW + 0.00 kW charging ESS (SoC 100.0%)."
2025-03-15 01:30:00,14.642750207373526,0,0,0.0,0.15,100.0,50.0,0.0,0.0,"[2025-03-15 01:30:00] Normal: RES covers 14.64 kW + 1.93 kW charging ESS, Grid 0.00 kW + 0.00 kW charging ESS (SoC 100.0%)."
2025-03-15 02:00:00,15.1494177795168,0,0,0.0,0.15,100.0,50.0,0.0,0.0,"[2025-03-15 02:00:00] Normal: RES covers 15.15 kW + 5.48 kW charging ESS, Grid 0.00 kW + 0.00 kW charging ESS (SoC 100.0%)."
2025-03-15 02:30:00,14.601465747834673,0,0,3.7398564679915154,0.15,100.0,50.0,1.8699282339957577,0.28048923509936363,"[2025-03-15 02:30:00] Normal: RES covers 10.86 kW + 0.00 kW charging ESS, Grid 3.74 kW + 0.00 kW charging ESS (SoC 100.0%)."
2025-03-15 03:00:00,13.86738078062903,0,0,0.0,0.15,100.0,50.0,0.0,0.0,"[2025-03-15 03:00:00] Normal: RES covers 13.87 kW + 5.35 kW charging ESS, Grid 0.00 kW + 0.00 kW charging ESS (SoC 100.0%)."
2025-03-15 03:30:00,14.776965339490362,0,0,0.0,0.15,100.0,50.0,0.0,0.0,"[2025-03-15 03:30:00] Normal: RES covers 14.78 kW + 7.89 kW charging ESS, Grid 0.00 kW + 0.00 kW charging ESS (SoC 100.0%)."
2025-03-15 04:00:00,14.46462712464445,0,0,0.0,0.15,100.0,50.0,0.0,0.0,"[2025-03-15 04:00:00] Normal: RES covers 14.46 kW + 4.75 kW charging ESS, Grid 0.00 kW + 0.00 kW charging ESS (SoC 100.0%)."
2025-03-15 04:30:00,14.526239226028927,0,0,4.897262906267988,0.15,100.0,50.0,2.448631453133994,0.3672947179700991,"[2025-03-15 04:30:00] Normal: RES covers 9.63 kW + 0.00 kW charging ESS, Grid 4.90 kW + 0.00 kW charging ESS (SoC 100.0%)."
2025-03-15 05:00:00,14.500869484208602,0,0,0.0,0.15,100.0,50.0,0.0,0.0,"[2025-03-15 05:00:00] Normal: RES covers 14.50 kW + 1.69 kW charging ESS, Grid 0.00 kW + 0.00 kW charging ESS (SoC 100.0%)."
2025-03-15 05:30:00,16.689261106396543,0,0,1.3057614180139705,0.15,100.0,50.0,0.6528807090069852,0.09793210635104778,"[2025-03-15 05:30:00] Normal: RES covers 15.38 kW + 0.00 kW charging ESS, Grid 1.31 kW + 0.00 kW charging ESS (SoC 100.0%)."
2025-03-15 06:00:00,15.772300985195615,0,0,0.0,0.15,100.0,50.0,0.0,0.0,"[2025-03-15 06:00:00] Normal: RES covers 15.77 kW + 1.20 kW charging ESS, Grid 0.00 kW + 0.00 kW charging ESS (SoC 100.0%)."
2025-03-15 06:30:00,17.163416036891228,0,0,0.0,0.15,100.0,50.0,0.0,0.0,"[2025-03-15 06:30:00] Normal: RES covers 17.16 kW + 11.85 kW charging ESS, Grid 0.00 kW + 0.00 kW charging ESS (SoC 100.0%)."
2025-03-15 07:00:00,15.891350580762222,0,0,0.0,0.2,100.0,50.0,0.0,0.0,"[2025-03-15 07:00:00] Normal: RES covers 15.89 kW + 8.13 kW charging ESS, Grid 0.00 kW + 0.00 kW charging ESS (SoC 100.0%)."
2025-03-15 07:30:00,16.343868193513686,0,0,0.0,0.2,100.0,50.0,0.0,0.0,"[2025-03-15 07:30:00] Normal: RES covers 16.34 kW + 12.47 kW charging ESS, Grid 0.00 kW + 0.00 kW charging ESS (SoC 100.0%)."
2025-03-15 08:00:00,22.505619759999753,0,0,0.0,0.2,100.0,50.0,0.0,0.0,"[2025-03-15 08:00:00] Normal: RES covers 22.51 kW + 19.46 kW charging ESS, Grid 0.00 kW + 0.00 kW charging ESS (SoC 100.0%)."
2025-03-15 08:30:00,21.220313240340733,0,0,0.0,0.2,100.0,50.0,0.0,0.0,"[2025-03-15 08:30:00] Normal: RES covers 21.22 kW + 30.51 kW charging ESS, Grid 0.00 kW + 0.00 kW charging ESS (SoC 100.0%)."
2025-03-15 09:00:00,21.814294034777955,0,0,0.0,0.2,100.0,50.0,0.0,0.0,"[2025-03-15 09:00:00] Normal: RES covers 21.81 kW + 26.96 kW charging ESS, Grid 0.00 kW + 0.00 kW charging ESS (SoC 100.0%)."
2025-03-15 09:30:00,20.60237710263775,0,0,0.0,0.2,100.0,50.0,0.0,0.0,"[2025-03-15 09:30:00] Normal: RES covers 20.60 kW + 36.01 kW charging ESS, Grid 0.00 kW + 0.00 kW charging ESS (SoC 100.0%)."
2025-03-15 10:00:00,22.634576407137583,0,0,0.0,0.2,100.0,50.0,0.0,0.0,"[2025-03-15 10:00:00] Normal: RES covers 22.63 kW + 46.01 kW charging ESS, Grid 0.00 kW + 0.00 kW charging ESS (SoC 100.0%)."
2025-03-15 10:30:00,23.239055279528472,0,0,0.0,0.2,100.0,50.0,0.0,0.0,"[2025-03-15 10:30:00] Normal: RES covers 23.24 kW + 40.18 kW charging ESS, Grid 0.00 kW + 0.00 kW charging ESS (SoC 100.0%)."
2025-03-15 11:00:00,23.03989319187277,0,0,0.0,0.2,100.0,50.0,0.0,0.0,"[2025-03-15 11:00:00] Normal: RES covers 23.04 kW + 44.07 kW charging ESS, Grid 0.00 kW + 0.00 kW charging ESS (SoC 100.0%)."
2025-03-15 11:30:00,21.880507633476945,0,0,0.0,0.2,100.0,50.0,0.0,0.0,"[2025-03-15 11:30:00] Normal: RES covers 21.88 kW + 45.34 kW charging ESS, Grid 0.00 kW + 0.00 kW charging ESS (SoC 100.0%)."
2025-03-15 12:00:00,23.10145746814011,0,0,0.0,0.2,100.0,50.0,0.0,0.0,"[2025-03-15 12:00:00] Normal: RES covers 23.10 kW + 45.43 kW charging ESS, Grid 0.00 kW + 0.00 kW charging ESS (SoC 100.0%)."
2025-03-15 12:30:00,22.305547164980354,0,0,0.0,0.2,100.0,50.0,0.0,0.0,"[2025-03-15 12:30:00] Normal: RES covers 22.31 kW + 43.58 kW charging ESS, Grid 0.00 kW + 0.00 kW charging ESS (SoC 100.0%)."
2025-03-15 13:00:00,21.874008773526434,0,0,0.0,0.2,100.0,50.0,0.0,0.0,"[2025-03-15 13:00:00] Normal: RES covers 21.87 kW + 40.34 kW charging ESS, Grid 0.00 kW + 0.00 kW charging ESS (SoC 100.0%)."
2025-03-15 13:30:00,24.415218447143886,0,0,0.0,0.2,100.0,50.0,0.0,0.0,"[2025-03-15 13:30:00] Normal: RES covers 24.42 kW + 41.90 kW charging ESS, Grid 0.00 kW + 0.00 kW charging ESS (SoC 100.0%)."
2025-03-15 14:00:00,24.202387845618276,0,0,0.0,0.3,100.0,50.0,0.0,0.0,"[2025-03-15 14:00:00] Normal: RES covers 24.20 kW + 42.12 kW charging ESS, Grid 0.00 kW + 0.00 kW charging ESS (SoC 100.0%)."
2025-03-15 14:30:00,22.871926968925827,0,0,0.0,0.3,100.0,50.0,0.0,0.0,"[2025-03-15 14:30:00] Normal: RES covers 22.87 kW + 41.44 kW charging ESS, Grid 0.00 kW + 0.00 kW charging ESS (SoC 100.0%)."
2025-03-15 15:00:00,23.086139967669947,0,0,0.0,0.3,100.0,50.0,0.0,0.0,"[2025-03-15 15:00:00] Normal: RES covers 23.09 kW + 24.64 kW charging ESS, Grid 0.00 kW + 0.00 kW charging ESS (SoC 100.0%)."
2025-03-15 15:30:00,20.59608612936535,0,0,0.0,0.3,100.0,50.0,0.0,0.0,"[2025-03-15 15:30:00] Normal: RES covers 20.60 kW + 26.64 kW charging ESS, Grid 0.00 kW + 0.00 kW charging ESS (SoC 100.0%)."
2025-03-15 16:00:00,21.941025997817654,0,0,0.0,0.3,100.0,50.0,0.0,0.0,"[2025-03-15 16:00:00] Normal: RES covers 21.94 kW + 21.57 kW charging ESS, Grid 0.00 kW + 0.00 kW charging ESS (SoC 100.0%)."
2025-03-15 16:30:00,21.839338236406377,0,0,0.0,0.3,100.0,50.0,0.0,0.0,"[2025-03-15 16:30:00] Normal: RES covers 21.84 kW + 18.70 kW charging ESS, Grid 0.00 kW + 0.00 kW charging ESS (SoC 100.0%)."
2025-03-15 17:00:00,22.65029292191335,0,0,0.0,0.3,100.0,50.0,0.0,0.0,"[2025-03-15 17:00:00] Normal: RES covers 22.65 kW + 6.69 kW charging ESS, Grid 0.00 kW + 0.00 kW charging ESS (SoC 100.0%)."
2025-03-15 17:30:00,23.083383275913995,0,0,0.42166972471761355,0.3,100.0,50.0,0.21083486235880677,0.06325045870764202,"[2025-03-15 17:30:00] Normal: RES covers 22.66 kW + 0.00 kW charging ESS, Grid 0.42 kW + 0.00 kW charging ESS (SoC 100.0%)."
2025-03-15 18:00:00,21.279267237078216,0,0,9.526921160330017,0.3,100.0,50.0,4.763460580165009,1.4290381740495026,"[2025-03-15 18:00:00] Normal: RES covers 11.75 kW + 0.00 kW charging ESS, Grid 9.53 kW + 0.00 kW charging ESS (SoC 100.0%)."
2025-03-15 18:30:00,22.356666603547524,0,0,6.125973926421718,0.3,100.0,50.0,3.062986963210859,0.9188960889632577,"[2025-03-15 18:30:00] Normal: RES covers 16.23 kW + 0.00 kW charging ESS, Grid 6.13 kW + 0.00 kW charging ESS (SoC 100.0%)."
2025-03-15 19:00:00,21.645481722859248,0,0,11.381777352164697,0.3,100.0,50.0,5.6908886760823485,1.7072666028247045,"[2025-03-15 19:00:00] Normal: RES covers 10.26 kW + 0.00 kW charging ESS, Grid 11.38 kW + 0.00 kW charging ESS (SoC 100.0%)."
2025-03-15 19:30:00,21.94878577242709,0,0,5.210268351718462,0.3,100.0,50.0,2.605134175859231,0.7815402527577692,"[2025-03-15 19:30:00] Normal: RES covers 16.74 kW + 0.00 kW charging ESS, Grid 5.21 kW + 0.00 kW charging ESS (SoC 100.0%)."
2025-03-15 20:00:00,15.798635826356822,0,0,0.0,0.2,100.0,50.0,0.0,0.0,"[2025-03-15 20:00:00] Normal: RES covers 15.80 kW + 0.25 kW charging ESS, Grid 0.00 kW + 0.00 kW charging ESS (SoC 100.0%)."
2025-03-15 20:30:00,15.873283086744557,0,0,4.583121577013282,0.2,100.0,50.0,2.291560788506641,0.4583121577013282,"[2025-03-15 20:30:00] Normal: RES covers 11.29 kW + 0.00 kW charging ESS, Grid 4.58 kW + 0.00 kW charging ESS (SoC 100.0%)."
2025-03-15 21:00:00,16.104176499662326,0,0,0.0,0.2,100.0,50.0,0.0,0.0,"[2025-03-15 21:00:00] Normal: RES covers 16.10 kW + 3.42 kW charging ESS, Grid 0.00 kW + 0.00 kW charging ESS (SoC 100.0%)."
2025-03-15 21:30:00,15.937465928523357,0,0,0.573175258162518,0.2,100.0,50.0,0.286587629081259,0.0573175258162518,"[2025-03-15 21:30:00] Normal: RES covers 15.36 kW + 0.00 kW charging ESS, Grid 0.57 kW + 0.00 kW charging ESS (SoC 100.0%)."
2025-03-15 22:00:00,14.527806638640845,0,0,0.0,0.15,100.0,50.0,0.0,0.0,"[2025-03-15 22:00:00] Normal: RES covers 14.53 kW + 1.05 kW charging ESS, Grid 0.00 kW + 0.00 kW charging ESS (SoC 100.0%)."
2025-03-15 22:30:00,15.903046724769581,0,0,0.0,0.15,100.0,50.0,0.0,0.0,"[2025-03-15 22:30:00] Normal: RES covers 15.90 kW + 9.52 kW charging ESS, Grid 0.00 kW + 0.00 kW charging ESS (SoC 100.0%)."
2025-03-15 23:00:00,14.856025060200889,0,0,0.0,0.15,100.0,50.0,0.0,0.0,"[2025-03-15 23:00:00] Normal: RES covers 14.86 kW + 0.63 kW charging ESS, Grid 0.00 kW + 0.00 kW charging ESS (SoC 100.0%)."
2025-03-15 23:30:00,14.627475153409808,0,0,0.0,0.15,100.0,50.0,0.0,0.0,"[2025-03-15 23:30:00] Normal: RES covers 14.63 kW + 2.16 kW charging ESS, Grid 0.00 kW + 0.00 kW charging ESS (SoC 100.0%)."
2025-03-16 00:00:00,14.297697688565687,0,0,0.0,0.15,100.0,50.0,0.0,0.0,"[2025-03-16 00:00:00] Normal: RES covers 14.30 kW + 7.46 kW charging ESS, Grid 0.00 kW + 0.00 kW charging ESS (SoC 100.0%)."
2025-03-16 00:30:00,14.16354304013181,0,0,0.0,0.15,100.0,50.0,0.0,0.0,"[2025-03-16 00:30:00] Normal: RES covers 14.16 kW + 14.87 kW charging ESS, Grid 0.00 kW + 0.00 kW charging ESS (SoC 100.0%)."
2025-03-16 01:00:00,14.563974054801701,0,0,0.0,0.15,100.0,50.0,0.0,0.0,"[2025-03-16 01:00:00] Normal: RES covers 14.56 kW + 14.23 kW charging ESS, Grid 0.00 kW + 0.00 kW charging ESS (SoC 100.0%)."
2025-03-16 01:30:00,15.329914440870217,0,0,5.761760888150349,0.15,100.0,50.0,2.8808804440751743,0.4321320666112761,"[2025-03-16 01:30:00] Normal: RES covers 9.57 kW + 0.00 kW charging ESS, Grid 5.76 kW + 0.00 kW charging ESS (SoC 100.0%)."
2025-03-16 02:00:00,14.82570620867125,0,0,0.0,0.15,100.0,50.0,0.0,0.0,"[2025-03-16 02:00:00] Normal: RES covers 14.83 kW + 8.26 kW charging ESS, Grid 0.00 kW + 0.00 kW charging ESS (SoC 100.0%)."
2025-03-16 02:30:00,14.615766909445984,0,0,0.0,0.15,100.0,50.0,0.0,0.0,"[2025-03-16 02:30:00] Normal: RES covers 14.62 kW + 12.34 kW charging ESS, Grid 0.00 kW + 0.00 kW charging ESS (SoC 100.0%)."
2025-03-16 03:00:00,14.742820324849369,0,0,0.0,0.15,100.0,50.0,0.0,0.0,"[2025-03-16 03:00:00] Normal: RES covers 14.74 kW + 2.06 kW charging ESS, Grid 0.00 kW + 0.00 kW charging ESS (SoC 100.0%)."
2025-03-16 03:30:00,14.7979124023352,0,0,0.0,0.15,100.0,50.0,0.0,0.0,"[2025-03-16 03:30:00] Normal: RES covers 14.80 kW + 1.21 kW charging ESS, Grid 0.00 kW + 0.00 kW charging ESS (SoC 100.0%)."
2025-03-16 04:00:00,14.44894960046483,0,0,0.0,0.15,100.0,50.0,0.0,0.0,"[2025-03-16 04:00:00] Normal: RES covers 14.45 kW + 2.98 kW charging ESS, Grid 0.00 kW + 0.00 kW charging ESS (SoC 100.0%)."
2025-03-16 04:30:00,15.472294150198444,0,0,0.0,0.15,100.0,50.0,0.0,0.0,"[2025-03-16 04:30:00] Normal: RES covers 15.47 kW + 0.49 kW charging ESS, Grid 0.00 kW + 0.00 kW charging ESS (SoC 100.0%)."
2025-03-16 05:00:00,14.618127420737942,0,0,0.0,0.15,100.0,50.0,0.0,0.0,"[2025-03-16 05:00:00] Normal: RES covers 14.62 kW + 1.20 kW charging ESS, Grid 0.00 kW + 0.00 kW charging ESS (SoC 100.0%)."
2025-03-16 05:30:00,14.183558351453303,0,0,0.0,0.15,100.0,50.0,0.0,0.0,"[2025-03-16 05:30:00] Normal: RES covers 14.18 kW + 13.26 kW charging ESS, Grid 0.00 kW + 0.00 kW charging ESS (SoC 100.0%)."
2025-03-16 06:00:00,17.46313201485487,0,0,4.647480659651263,0.15,100.0,50.0,2.3237403298256316,0.34856104947384475,"[2025-03-16 06:00:00] Normal: RES covers 12.82 kW + 0.00 kW charging ESS, Grid 4.65 kW + 0.00 kW charging ESS (SoC 100.0%)."
2025-03-16 06:30:00,16.80611588247796,0,0,0.0,0.15,100.0,50.0,0.0,0.0,"[2025-03-16 06:30:00] Normal: RES covers 16.81 kW + 7.32 kW charging ESS, Grid 0.00 kW + 0.00 kW charging ESS (SoC 100.0%)."
2025-03-16 07:00:00,16.426140596369983,0,0,0.0,0.2,100.0,50.0,0.0,0.0,"[2025-03-16 07:00:00] Normal: RES covers 16.43 kW + 17.74 kW charging ESS, Grid 0.00 kW + 0.00 kW charging ESS (SoC 100.0%)."
2025-03-16 07:30:00,16.585751765107315,0,0,0.0,0.2,100.0,50.0,0.0,0.0,"[2025-03-16 07:30:00] Normal: RES covers 16.59 kW + 17.83 kW charging ESS, Grid 0.00 kW + 0.00 kW charging ESS (SoC 100.0%)."
2025-03-16 08:00:00,22.338957921720315,0,0,0.0,0.2,100.0,50.0,0.0,0.0,"[2025-03-16 08:00:00] Normal: RES covers 22.34 kW + 18.99 kW charging ESS, Grid 0.00 kW + 0.00 kW charging ESS (SoC 100.0%)."
2025-03-16 08:30:00,22.303404669322447,0,0,0.0,0.2,100.0,50.0,0.0,0.0,"[2025-03-16 08:30:00] Normal: RES covers 22.30 kW + 25.78 kW charging ESS, Grid 0.00 kW + 0.00 kW charging ESS (SoC 100.0%)."
2025-03-16 09:00:00,23.57743842638697,0,0,0.0,0.2,100.0,50.0,0.0,0.0,"[2025-03-16 09:00:00] Normal: RES covers 23.58 kW + 24.17 kW charging ESS, Grid 0.00 kW + 0.00 kW charging ESS (SoC 100.0%)."
2025-03-16 09:30:00,21.924509699973697,0,0,0.0,0.2,100.0,50.0,0.0,0.0,"[2025-03-16 09:30:00] Normal: RES covers 21.92 kW + 33.53 kW charging ESS, Grid 0.00 kW + 0.00 kW charging ESS (SoC 100.0%)."
2025-03-16 10:00:00,23.677156526618166,0,0,0.0,0.2,100.0,50.0,0.0,0.0,"[2025-03-16 10:00:00] Normal: RES covers 23.68 kW + 37.15 kW charging ESS, Grid 0.00 kW + 0.00 kW charging ESS (SoC 100.0%)."
2025-03-16 10:30:00,22.029268769194097,0,0,0.0,0.2,100.0,50.0,0.0,0.0,"[2025-03-16 10:30:00] Normal: RES covers 22.03 kW + 42.19 kW charging ESS, Grid 0.00 kW + 0.00 kW charging ESS (SoC 100.0%)."
2025-03-16 11:00:00,23.404224956379238,0,0,0.0,0.2,100.0,50.0,0.0,0.0,"[2025-03-16 11:00:00] Normal: RES covers 23.40 kW + 50.18 kW charging ESS, Grid 0.00 kW + 0.00 kW charging ESS (SoC 100.0%)."
2025-03-16 11:30:00,22.579582281171895,0,0,0.0,0.2,100.0,50.0,0.0,0.0,"[2025-03-16 11:30:00] Normal: RES covers 22.58 kW + 38.25 kW charging ESS, Grid 0.00 kW + 0.00 kW charging ESS (SoC 100.0%)."
2025-03-16 12:00:00,21.874370917933565,0,0,0.0,0.2,100.0,50.0,0.0,0.0,"[2025-03-16 12:00:00] Normal: RES covers 21.87 kW + 37.73 kW charging ESS, Grid 0.00 kW + 0.00 kW charging ESS (SoC 100.0%)."
2025-03-16 12:30:00,22.454221637906166,0,0,0.0,0.2,100.0,50.0,0.0,0.0,"[2025-03-16 12:30:00] Normal: RES covers 22.45 kW + 44.73 kW charging ESS, Grid 0.00 kW + 0.00 kW charging ESS (SoC 100.0%)."
2025-03-16 13:00:00,21.916184153434266,0,0,0.0,0.2,100.0,50.0,0.0,0.0,"[2025-03-16 13:00:00] Normal: RES covers 21.92 kW + 47.81 kW charging ESS, Grid 0.00 kW + 0.00 kW charging ESS (SoC 100.0%)."
2025-03-16 13:30:00,22.582495534587313,0,0,0.0,0.2,100.0,50.0,0.0,0.0,"[2025-03-16 13:30:00] Normal: RES covers 22.58 kW + 47.22 kW charging ESS, Grid 0.00 kW + 0.00 kW charging ESS (SoC 100.0%)."
2025-03-16 14:00:00,23.569333605706266,0,0,0.0,0.3,100.0,50.0,0.0,0.0,"[2025-03-16 14:00:00] Normal: RES covers 23.57 kW + 45.86 kW charging ESS, Grid 0.00 kW + 0.00 kW charging ESS (SoC 100.0%)."
2025-03-16 14:30:00,22.469856138968137,0,0,0.0,0.3,100.0,50.0,0.0,0.0,"[2025-03-16 14:30:00] Normal: RES covers 22.47 kW + 36.02 kW charging ESS, Grid 0.00 kW + 0.00 kW charging ESS (SoC 100.0%)."
2025-03-16 15:00:00,22.546045476564696,0,0,0.0,0.3,100.0,50.0,0.0,0.0,"[2025-03-16 15:00:00] Normal: RES covers 22.55 kW + 28.57 kW charging ESS, Grid 0.00 kW + 0.00 kW charging ESS (SoC 100.0%)."
2025-03-16 15:30:00,22.47760023247306,0,0,0.0,0.3,100.0,50.0,0.0,0.0,"[2025-03-16 15:30:00] Normal: RES covers 22.48 kW + 20.42 kW charging ESS, Grid 0.00 kW + 0.00 kW charging ESS (SoC 100.0%)."
2025-03-16 16:00:00,23.097394143736516,0,0,0.0,0.3,100.0,50.0,0.0,0.0,"[2025-03-16 16:00:00] Normal: RES covers 23.10 kW + 21.58 kW charging ESS, Grid 0.00 kW + 0.00 kW charging ESS (SoC 100.0%)."
2025-03-16 16:30:00,21.99106891386409,0,0,0.0,0.3,100.0,50.0,0.0,0.0,"[2025-03-16 16:30:00] Normal: RES covers 21.99 kW + 12.81 kW charging ESS, Grid 0.00 kW + 0.00 kW charging ESS (SoC 100.0%)."
2025-03-16 17:00:00,22.489632968025425,0,0,0.0,0.3,100.0,50.0,0.0,0.0,"[2025-03-16 17:00:00] Normal: RES covers 22.49 kW + 8.68 kW charging ESS, Grid 0.00 kW + 0.00 kW charging ESS (SoC 100.0%)."
2025-03-16 17:30:00,21.500601887075085,0,0,0.0,0.3,100.0,50.0,0.0,0.0,"[2025-03-16 17:30:00] Normal: RES covers 21.50 kW + 0.88 kW charging ESS, Grid 0.00 kW + 0.00 kW charging ESS (SoC 100.0%)."
2025-03-16 18:00:00,22.60406677939551,0,0,5.879861965221018,0.3,100.0,50.0,2.939930982610509,0.8819792947831526,"[2025-03-16 18:00:00] Normal: RES covers 16.72 kW + 0.00 kW charging ESS, Grid 5.88 kW + 0.00 kW charging ESS (SoC 100.0%)."
2025-03-16 18:30:00,22.16736083304083,0,0,6.783182381141316,0.3,100.0,50.0,3.391591190570658,1.0174773571711972,"[2025-03-16 18:30:00] Normal: RES covers 15.38 kW + 0.00 kW charging ESS, Grid 6.78 kW + 0.00 kW charging ESS (SoC 100.0%)."
2025-03-16 19:00:00,22.33770278511591,0,0,0.4936432286836272,0.3,100.0,50.0,0.2468216143418136,0.07404648430254408,"[2025-03-16 19:00:00] Normal: RES covers 21.84 kW + 0.00 kW charging ESS, Grid 0.49 kW + 0.00 kW charging ESS (SoC 100.0%)."
2025-03-16 19:30:00,22.5238591285188,0,0,9.995060727240785,0.3,100.0,50.0,4.997530363620393,1.4992591090861178,"[2025-03-16 19:30:00] Normal: RES covers 12.53 kW + 0.00 kW charging ESS, Grid 10.00 kW + 0.00 kW charging ESS (SoC 100.0%)."
2025-03-16 20:00:00,16.06835227450479,0,0,0.0,0.2,100.0,50.0,0.0,0.0,"[2025-03-16 20:00:00] Normal: RES covers 16.07 kW + 1.24 kW charging ESS, Grid 0.00 kW + 0.00 kW charging ESS (SoC 100.0%)."
2025-03-16 20:30:00,16.090354991512008,0,0,2.1888296952210524,0.2,100.0,50.0,1.0944148476105262,0.21888296952210526,"[2025-03-16 20:30:00] Normal: RES covers 13.90 kW + 0.00 kW charging ESS, Grid 2.19 kW + 0.00 kW charging ESS (SoC 100.0%)."
2025-03-16 21:00:00,15.925335192697094,0,0,0.0,0.2,100.0,50.0,0.0,0.0,"[2025-03-16 21:00:00] Normal: RES covers 15.93 kW + 6.86 kW charging ESS, Grid 0.00 kW + 0.00 kW charging ESS (SoC 100.0%)."
2025-03-16 21:30:00,16.039181679889715,0,0,1.5972483761864158,0.2,100.0,50.0,0.7986241880932079,0.1597248376186416,"[2025-03-16 21:30:00] Normal: RES covers 14.44 kW + 0.00 kW charging ESS, Grid 1.60 kW + 0.00 kW charging ESS (SoC 100.0%)."
2025-03-16 22:00:00,14.678932157202402,0,0,0.0,0.15,100.0,50.0,0.0,0.0,"[2025-03-16 22:00:00] Normal: RES covers 14.68 kW + 9.92 kW charging ESS, Grid 0.00 kW + 0.00 kW charging ESS (SoC 100.0%)."
2025-03-16 22:30:00,13.841152234910233,0,0,0.6098884653411414,0.15,100.0,50.0,0.3049442326705707,0.0457416349005856,"[2025-03-16 22:30:00] Normal: RES covers 13.23 kW + 0.00 kW charging ESS, Grid 0.61 kW + 0.00 kW charging ESS (SoC 100.0%)."
2025-03-16 23:00:00,15.025678820274145,0,0,1.8549755274850401,0.15,100.0,50.0,0.9274877637425201,0.139123164561378,"[2025-03-16 23:00:00] Normal: RES covers 13.17 kW + 0.00 kW charging ESS, Grid 1.85 kW + 0.00 kW charging ESS (SoC 100.0%)."
2025-03-16 23:30:00,15.349030027901723,0,0,3.2500700535427924,0.15,100.0,50.0,1.6250350267713962,0.2437552540157094,"[2025-03-16 23:30:00] Normal: RES covers 12.10 kW + 0.00 kW charging ESS, Grid 3.25 kW + 0.00 kW charging ESS (SoC 100.0%)."
2025-03-17 00:00:00,14.603537812079285,0,0,7.032457074142754,0.15,100.0,50.1,3.516228537071377,0.5274342805607065,"[2025-03-17 00:00:00] Charging HFC (50.1%): 70% RES to H2, 30% RES to load (7.57 kW), Grid 7.03 kW."
2025-03-17 00:30:00,14.840372988348681,0,0,8.769324176534564,0.15,100.0,50.2,4.384662088267282,0.6576993132400922,"[2025-03-17 00:30:00] Charging HFC (50.2%): 70% RES to H2, 30% RES to load (6.07 kW), Grid 8.77 kW."
2025-03-17 01:00:00,14.44883804992213,0,0,8.162229558226676,0.15,100.0,50.3,4.081114779113338,0.6121672168670006,"[2025-03-17 01:00:00] Charging HFC (50.3%): 70% RES to H2, 30% RES to load (6.29 kW), Grid 8.16 kW."
2025-03-17 01:30:00,14.583041651286337,0,0,10.607852947255482,0.15,100.0,50.3,5.303926473627741,0.7955889710441612,"[2025-03-17 01:30:00] Charging HFC (50.3%): 70% RES to H2, 30% RES to load (3.98 kW), Grid 10.61 kW."
2025-03-17 02:00:00,13.918057049119803,0,0,7.318941304369317,0.15,100.0,50.4,3.6594706521846585,0.5489205978276988,"[2025-03-17 02:00:00] Charging HFC (50.4%): 70% RES to H2, 30% RES to load (6.60 kW), Grid 7.32 kW."
2025-03-17 02:30:00,14.08565957207501,0,0,8.82391032060342,0.15,100.0,50.5,4.41195516030171,0.6617932740452566,"[2025-03-17 02:30:00] Charging HFC (50.5%): 70% RES to H2, 30% RES to load (5.26 kW), Grid 8.82 kW."
2025-03-17 03:00:00,14.253953571947854,0,0,8.935381826831664,0.15,100.0,50.5,4.467690913415832,0.6701536370123747,"[2025-03-17 03:00:00] Charging HFC (50.5%): 70% RES to H2, 30% RES to load (5.32 kW), Grid 8.94 kW."
2025-03-17 03:30:00,15.242361114576838,0,0,8.545302929645755,0.15,100.0,50.6,4.272651464822878,0.6408977197234317,"[2025-03-17 03:30:00] Charging HFC (50.6%): 70% RES to H2, 30% RES to load (6.70 kW), Grid 8.55 kW."
2025-03-17 04:00:00,14.750126124995237,0,0,11.965351174592701,0.15,100.0,50.6,5.982675587296351,0.8974013380944525,"[2025-03-17 04:00:00] Charging HFC (50.6%): 70% RES to H2, 30% RES to load (2.78 kW), Grid 11.97 kW."
2025-03-17 04:30:00,15.283013174169877,0,0,10.07855091338547,0.15,100.0,50.7,5.039275456692735,0.7558913185039102,"[2025-03-17 04:30:00] Charging HFC (50.7%): 70% RES to H2, 30% RES to load (5.20 kW), Grid 10.08 kW."
2025-03-17 05:00:00,15.114234196949457,0,0,9.179232822200348,0.15,100.0,50.8,4.589616411100174,0.6884424616650261,"[2025-03-17 05:00:00] Charging HFC (50.8%): 70% RES to H2, 30% RES to load (5.94 kW), Grid 9.18 kW."
2025-03-17 05:30:00,14.389021863858336,0,0,10.39123084873454,0.15,100.0,50.8,5.19561542436727,0.7793423136550905,"[2025-03-17 05:30:00] Charging HFC (50.8%): 70% RES to H2, 30% RES to load (4.00 kW), Grid 10.39 kW."
2025-03-17 06:00:00,24.609793899446117,0,0,5.475046032916719,0.15,100.0,51.1,2.7375230164583595,0.4106284524687539,"[2025-03-17 06:00:00] Charging HFC (51.1%): 70% RES to H2, 30% RES to load (19.13 kW), Grid 5.48 kW."
2025-03-17 06:30:00,22.65177155731398,0,0,13.059238969493892,0.15,100.0,51.2,6.529619484746946,0.9794429227120418,"[2025-03-17 06:30:00] Charging HFC (51.2%): 70% RES to H2, 30% RES to load (9.59 kW), Grid 13.06 kW."
2025-03-17 07:00:00,24.66369963526138,0,0,6.2332596055914955,0.2,100.0,51.4,3.1166298027957478,0.6233259605591496,"[2025-03-17 07:00:00] Charging HFC (51.4%): 70% RES to H2, 30% RES to load (18.43 kW), Grid 6.23 kW."
2025-03-17 07:30:00,24.47500472075911,0,0,2.454928032304089,0.2,100.0,51.7,1.2274640161520445,0.2454928032304089,"[2025-03-17 07:30:00] Charging HFC (51.7%): 70% RES to H2, 30% RES to load (22.02 kW), Grid 2.45 kW."
2025-03-17 08:00:00,29.347315257927463,0,0,13.049563026233052,0.2,100.0,51.9,6.524781513116526,1.3049563026233053,"[2025-03-17 08:00:00] Charging HFC (51.9%): 70% RES to H2, 30% RES to load (16.30 kW), Grid 13.05 kW."
2025-03-17 08:30:00,29.146956136159123,0,0,16.773802097473084,0.2,100.0,52.1,8.386901048736542,1.6773802097473085,"[2025-03-17 08:30:00] Charging HFC (52.1%): 70% RES to H2, 30% RES to load (12.37 kW), Grid 16.77 kW."
2025-03-17 09:00:00,31.627197357033385,0,0,15.771816852010927,0.2,100.0,52.3,7.8859084260054635,1.5771816852010927,"[2025-03-17 09:00:00] Charging HFC (52.3%): 70% RES to H2, 30% RES to load (15.86 kW), Grid 15.77 kW."
2025-03-17 09:30:00,30.781837568031722,0,0,18.084463147131828,0.2,100.0,52.5,9.042231573565914,1.8084463147131828,"[2025-03-17 09:30:00] Charging HFC (52.5%): 70% RES to H2, 30% RES to load (12.70 kW), Grid 18.08 kW."
2025-03-17 10:00:00,32.617886513575385,0,0,15.57470968361395,0.2,100.0,52.7,7.787354841806975,1.557470968361395,"[2025-03-17 10:00:00] Charging HFC (52.7%): 70% RES to H2, 30% RES to load (17.04 kW), Grid 15.57 kW."
2025-03-17 10:30:00,32.09515393206689,0,0,19.698146520378714,0.2,100.0,52.8,9.849073260189357,1.9698146520378714,"[2025-03-17 10:30:00] Charging HFC (52.8%): 70% RES to H2, 30% RES to load (12.40 kW), Grid 19.70 kW."
2025-03-17 11:00:00,30.22752914203403,0,0,12.78112534699202,0.2,100.0,53.1,6.39056267349601,1.2781125346992022,"[2025-03-17 11:00:00] Charging HFC (53.1%): 70% RES to H2, 30% RES to load (17.45 kW), Grid 12.78 kW."
2025-03-17 11:30:00,32.321828592047034,0,0,8.818257027814028,0.2,100.0,53.4,4.409128513907014,0.8818257027814028,"[2025-03-17 11:30:00] Charging HFC (53.4%): 70% RES to H2, 30% RES to load (23.50 kW), Grid 8.82 kW."
2025-03-17 12:00:00,33.73312157331368,0,0,11.52171916823718,0.2,100.0,53.7,5.76085958411859,1.1521719168237181,"[2025-03-17 12:00:00] Charging HFC (53.7%): 70% RES to H2, 30% RES to load (22.21 kW), Grid 11.52 kW."
2025-03-17 12:30:00,32.74543759872727,0,0,18.41102800753025,0.2,100.0,53.8,9.205514003765124,1.841102800753025,"[2025-03-17 12:30:00] Charging HFC (53.8%): 70% RES to H2, 30% RES to load (14.33 kW), Grid 18.41 kW."
2025-03-17 13:00:00,33.0448470056516,0,0,20.235988286745823,0.2,100.0,54.0,10.117994143372911,2.0235988286745825,"[2025-03-17 13:00:00] Charging HFC (54.0%): 70% RES to H2, 30% RES to load (12.81 kW), Grid 20.24 kW."
2025-03-17 13:30:00,31.877628988943393,0,0,19.4701867934557,0.2,100.0,54.2,9.73509339672785,1.94701867934557,"[2025-03-17 13:30:00] Charging HFC (54.2%): 70% RES to H2, 30% RES to load (12.41 kW), Grid 19.47 kW."
2025-03-17 14:00:00,30.857705433734935,0,0,11.79774280007511,0.3,100.0,54.4,5.898871400037555,1.7696614200112664,"[2025-03-17 14:00:00] Charging HFC (54.4%): 70% RES to H2, 30% RES to load (19.06 kW), Grid 11.80 kW."
2025-03-17 14:30:00,32.318505136933425,0,0,15.20503259202351,0.3,100.0,54.6,7.602516296011755,2.2807548888035263,"[2025-03-17 14:30:00] Charging HFC (54.6%): 70% RES to H2, 30% RES to load (17.11 kW), Grid 15.21 kW."
2025-03-17 15:00:00,31.013745755212852,0,0,7.254601973950795,0.3,100.0,54.9,3.6273009869753974,1.088190296092619,"[2025-03-17 15:00:00] Charging HFC (54.9%): 70% RES to H2, 30% RES to load (23.76 kW), Grid 7.25 kW."
2025-03-17 15:30:00,32.337992618125014,0,0,7.238413109813116,0.3,100.0,55.3,3.619206554906558,1.0857619664719673,"[2025-03-17 15:30:00] Charging HFC (55.3%): 70% RES to H2, 30% RES to load (25.10 kW), Grid 7.24 kW."
2025-03-17 16:00:00,30.7550479366136,0,0,13.676653998836262,0.3,100.0,55.5,6.838326999418131,2.051498099825439,"[2025-03-17 16:00:00] Charging HFC (55.5%): 70% RES to H2, 30% RES to load (17.08 kW), Grid 13.68 kW."
2025-03-17 16:30:00,30.569710599681514,0,0,16.10874111708082,0.3,100.0,55.7,8.05437055854041,2.416311167562123,"[2025-03-17 16:30:00] Charging HFC (55.7%): 70% RES to H2, 30% RES to load (14.46 kW), Grid 16.11 kW."
2025-03-17 17:00:00,29.42000162309079,0,0,10.838752478909637,0.3,100.0,55.9,5.419376239454818,1.6258128718364455,"[2025-03-17 17:00:00] Charging HFC (55.9%): 70% RES to H2, 30% RES to load (18.58 kW), Grid 10.84 kW."
2025-03-17 17:30:00,29.190835821280054,0,0,13.884208026242897,0.3,100.0,56.1,6.942104013121448,2.0826312039364345,"[2025-03-17 17:30:00] Charging HFC (56.1%): 70% RES to H2, 30% RES to load (15.31 kW), Grid 13.88 kW."
2025-03-17 18:00:00,30.496751130911555,0,0,20.175489127145624,0.3,100.0,56.2,10.087744563572812,3.0263233690718434,"[2025-03-17 18:00:00] Charging HFC (56.2%): 70% RES to H2, 30% RES to load (10.32 kW), Grid 20.18 kW."
2025-03-17 18:30:00,30.346681176221722,0,0,14.40345443381806,0.3,100.0,56.4,7.20172721690903,2.160518165072709,"[2025-03-17 18:30:00] Charging HFC (56.4%): 70% RES to H2, 30% RES to load (15.94 kW), Grid 14.40 kW."
2025-03-17 19:00:00,30.177799772659323,0,0,11.310030432001433,0.3,100.0,56.7,5.6550152160007165,1.6965045648002148,"[2025-03-17 19:00:00] Charging HFC (56.7%): 70% RES to H2, 30% RES to load (18.87 kW), Grid 11.31 kW."
2025-03-17 19:30:00,30.392738727486893,0,0,7.014051226118848,0.3,100.0,57.0,3.507025613059424,1.0521076839178272,"[2025-03-17 19:30:00] Charging HFC (57.0%): 70% RES to H2, 30% RES to load (23.38 kW), Grid 7.01 kW."
2025-03-17 20:00:00,22.849676738468006,0,0,9.623330690606387,0.2,100.0,57.1,4.811665345303194,0.9623330690606388,"[2025-03-17 20:00:00] Charging HFC (57.1%): 70% RES to H2, 30% RES to load (13.23 kW), Grid 9.62 kW."
2025-03-17 20:30:00,21.701900209325036,0,0,4.882352598805802,0.2,100.0,57.4,2.441176299402901,0.48823525988058025,"[2025-03-17 20:30:00] Charging HFC (57.4%): 70% RES to H2, 30% RES to load (16.82 kW), Grid 4.88 kW."
2025-03-17 21:00:00,22.6410934547848,0,0,10.996826674930132,0.2,100.0,57.5,5.498413337465066,1.0996826674930131,"[2025-03-17 21:00:00] Charging HFC (57.5%): 70% RES to H2, 30% RES to load (11.64 kW), Grid 11.00 kW."
2025-03-17 21:30:00,23.107779106148133,0,0,3.5478115538031147,0.2,100.0,57.8,1.7739057769015574,0.3547811553803115,"[2025-03-17 21:30:00] Charging HFC (57.8%): 70% RES to H2, 30% RES to load (19.56 kW), Grid 3.55 kW."
2025-03-17 22:00:00,21.795640002472734,0,0,5.039431296273765,0.15,100.0,58.0,2.5197156481368825,0.37795734722053237,"[2025-03-17 22:00:00] Charging HFC (58.0%): 70% RES to H2, 30% RES to load (16.76 kW), Grid 5.04 kW."
2025-03-17 22:30:00,21.808361923413052,0,0,7.373038154662433,0.15,100.0,58.2,3.6865190773312166,0.5529778615996824,"[2025-03-17 22:30:00] Charging HFC (58.2%): 70% RES to H2, 30% RES to load (14.44 kW), Grid 7.37 kW."
2025-03-17 23:00:00,22.212022348453097,0,0,5.0651139711673565,0.15,100.0,58.4,2.5325569855836783,0.37988354783755174,"[2025-03-17 23:00:00] Charging HFC (58.4%): 70% RES to H2, 30% RES to load (17.15 kW), Grid 5.07 kW."
2025-03-17 23:30:00,23.228148728961997,0,0,13.426518208650059,0.15,100.0,58.5,6.713259104325029,1.0069888656487544,"[2025-03-17 23:30:00] Charging HFC (58.5%): 70% RES to H2, 30% RES to load (9.80 kW), Grid 13.43 kW."
2025-03-18 00:00:00,23.254743993995625,0,0,6.268749365586732,0.15,100.0,58.7,3.134374682793366,0.4701562024190049,"[2025-03-18 00:00:00] Charging HFC (58.7%): 70% RES to H2, 30% RES to load (16.99 kW), Grid 6.27 kW."
2025-03-18 00:30:00,22.06004208276891,0,0,7.336201928542291,0.15,100.0,58.9,3.6681009642711455,0.5502151446406718,"[2025-03-18 00:30:00] Charging HFC (58.9%): 70% RES to H2, 30% RES to load (14.72 kW), Grid 7.34 kW."
2025-03-18 01:00:00,22.052443145570116,0,0,7.545940019493436,0.15,100.0,59.1,3.772970009746718,0.5659455014620077,"[2025-03-18 01:00:00] Charging HFC (59.1%): 70% RES to H2, 30% RES to load (14.51 kW), Grid 7.55 kW."
2025-03-18 01:30:00,22.665809073002514,0,0,9.159080958553714,0.15,100.0,59.3,4.579540479276857,0.6869310718915286,"[2025-03-18 01:30:00] Charging HFC (59.3%): 70% RES to H2, 30% RES to load (13.51 kW), Grid 9.16 kW."
2025-03-18 02:00:00,24.333684164253892,0,0,9.162518581099347,0.15,100.0,59.5,4.581259290549673,0.6871888935824509,"[2025-03-18 02:00:00] Charging HFC (59.5%): 70% RES to H2, 30% RES to load (15.17 kW), Grid 9.16 kW."
2025-03-18 02:30:00,22.55717143221643,0,0,6.338918668294973,0.15,100.0,59.7,3.1694593341474864,0.47541890012212296,"[2025-03-18 02:30:00] Charging HFC (59.7%): 70% RES to H2, 30% RES to load (16.22 kW), Grid 6.34 kW."
2025-03-18 03:00:00,23.61585525315956,0,0,3.834427301628345,0.15,100.0,59.9,1.9172136508141726,0.28758204762212586,"[2025-03-18 03:00:00] Charging HFC (59.9%): 70% RES to H2, 30% RES to load (19.78 kW), Grid 3.83 kW."
2025-03-18 03:30:00,24.694746426185006,0,0,7.7829896382781385,0.15,100.0,60.1,3.8914948191390693,0.5837242228708603,"[2025-03-18 03:30:00] Charging HFC (60.1%): 70% RES to H2, 30% RES to load (16.91 kW), Grid 7.78 kW."
2025-03-18 04:00:00,23.228174671287277,0,0,8.375794061275192,0.15,100.0,60.3,4.187897030637596,0.6281845545956394,"[2025-03-18 04:00:00] Charging HFC (60.3%): 70% RES to H2, 30% RES to load (14.85 kW), Grid 8.38 kW."
2025-03-18 04:30:00,24.078540399088013,0,0,6.651498735736972,0.15,100.0,60.6,3.325749367868486,0.49886240518027286,"[2025-03-18 04:30:00] Charging HFC (60.6%): 70% RES to H2, 30% RES to load (17.43 kW), Grid 6.65 kW."
2025-03-18 05:00:00,24.153221510485878,0,0,14.062042388031307,0.15,100.0,60.7,7.031021194015653,1.054653179102348,"[2025-03-18 05:00:00] Charging HFC (60.7%): 70% RES to H2, 30% RES to load (10.09 kW), Grid 14.06 kW."
2025-03-18 05:30:00,23.805492183534152,0,0,3.3145528805498756,0.15,100.0,60.9,1.6572764402749378,0.24859146604124066,"[2025-03-18 05:30:00] Charging HFC (60.9%): 70% RES to H2, 30% RES to load (20.49 kW), Grid 3.31 kW."
2025-03-18 06:00:00,24.463378927127042,0,0,8.376883018760179,0.15,100.0,61.2,4.188441509380089,0.6282662264070134,"[2025-03-18 06:00:00] Charging HFC (61.2%): 70% RES to H2, 30% RES to load (16.09 kW), Grid 8.38 kW."
2025-03-18 06:30:00,23.655363518664515,0,0,3.723207108600498,0.15,100.0,61.4,1.861603554300249,0.27924053314503733,"[2025-03-18 06:30:00] Charging HFC (61.4%): 70% RES to H2, 30% RES to load (19.93 kW), Grid 3.72 kW."
2025-03-18 07:00:00,24.72731503987613,0,0,5.386115150208596,0.2,100.0,61.7,2.693057575104298,0.5386115150208596,"[2025-03-18 07:00:00] Charging HFC (61.7%): 70% RES to H2, 30% RES to load (19.34 kW), Grid 5.39 kW."
2025-03-18 07:30:00,24.346775709262936,0,0,6.867982554260891,0.2,100.0,61.9,3.4339912771304455,0.6867982554260892,"[2025-03-18 07:30:00] Charging HFC (61.9%): 70% RES to H2, 30% RES to load (17.48 kW), Grid 6.87 kW."
2025-03-18 08:00:00,31.218398483909496,0,0,14.975134637530797,0.2,100.0,62.1,7.487567318765398,1.4975134637530798,"[2025-03-18 08:00:00] Charging HFC (62.1%): 70% RES to H2, 30% RES to load (16.24 kW), Grid 14.98 kW."
2025-03-18 08:30:00,32.80253234719891,0,0,16.923240918698642,0.2,100.0,62.3,8.461620459349321,1.6923240918698643,"[2025-03-18 08:30:00] Charging HFC (62.3%): 70% RES to H2, 30% RES to load (15.88 kW), Grid 16.92 kW."
2025-03-18 09:00:00,32.175037508474055,0,0,20.57608057403648,0.2,100.0,62.4,10.28804028701824,2.057608057403648,"[2025-03-18 09:00:00] Charging HFC (62.4%): 70% RES to H2, 30% RES to load (11.60 kW), Grid 20.58 kW."
2025-03-18 09:30:00,32.20568767018759,0,0,11.361748266702357,0.2,100.0,62.7,5.680874133351178,1.1361748266702356,"[2025-03-18 09:30:00] Charging HFC (62.7%): 70% RES to H2, 30% RES to load (20.84 kW), Grid 11.36 kW."
2025-03-18 10:00:00,33.710184697899344,0,0,18.334676628316103,0.2,100.0,62.9,9.167338314158052,1.8334676628316104,"[2025-03-18 10:00:00] Charging HFC (62.9%): 70% RES to H2, 30% RES to load (15.38 kW), Grid 18.33 kW."
2025-03-18 10:30:00,32.19513612141262,0,0,14.78373385734988,0.2,100.0,63.1,7.39186692867494,1.478373385734988,"[2025-03-18 10:30:00] Charging HFC (63.1%): 70% RES to H2, 30% RES to load (17.41 kW), Grid 14.78 kW."
2025-03-18 11:00:00,31.37188198877675,0,0,12.737850657907806,0.2,100.0,63.4,6.368925328953903,1.2737850657907808,"[2025-03-18 11:00:00] Charging HFC (63.4%): 70% RES to H2, 30% RES to load (18.63 kW), Grid 12.74 kW."
2025-03-18 11:30:00,31.44355358196843,0,0,15.315679606473562,0.2,100.0,63.6,7.657839803236781,1.5315679606473562,"[2025-03-18 11:30:00] Charging HFC (63.6%): 70% RES to H2, 30% RES to load (16.13 kW), Grid 15.32 kW."
2025-03-18 12:00:00,31.463830721930904,0,0,12.86519077501272,0.2,100.0,63.8,6.43259538750636,1.2865190775012723,"[2025-03-18 12:00:00] Charging HFC (63.8%): 70% RES to H2, 30% RES to load (18.60 kW), Grid 12.87 kW."
2025-03-18 12:30:00,29.938135464551657,0,0,8.74015029781209,0.2,100.0,64.1,4.370075148906045,0.874015029781209,"[2025-03-18 12:30:00] Charging HFC (64.1%): 70% RES to H2, 30% RES to load (21.20 kW), Grid 8.74 kW."
2025-03-18 13:00:00,31.679874997508676,0,0,11.001757270851819,0.2,100.0,64.4,5.500878635425909,1.100175727085182,"[2025-03-18 13:00:00] Charging HFC (64.4%): 70% RES to H2, 30% RES to load (20.68 kW), Grid 11.00 kW."
2025-03-18 13:30:00,31.424133680865967,0,0,17.961611983892176,0.2,100.0,64.5,8.980805991946088,1.7961611983892176,"[2025-03-18 13:30:00] Charging HFC (64.5%): 70% RES to H2, 30% RES to load (13.46 kW), Grid 17.96 kW."
2025-03-18 14:00:00,31.79588289488006,0,0,20.648302914053822,0.3,100.0,64.7,10.324151457026911,3.0972454371080733,"[2025-03-18 14:00:00] Charging HFC (64.7%): 70% RES to H2, 30% RES to load (11.15 kW), Grid 20.65 kW."
2025-03-18 14:30:00,30.99172018663586,0,0,8.923095010758296,0.3,100.0,64.7,4.461547505379148,1.3384642516137444,"[2025-03-18 14:30:00] Charging HFC (64.7%): 70% RES to H2, 30% RES to load (22.07 kW), Grid 8.92 kW."
2025-03-18 15:00:00,32.310706132359805,0,0,17.843283203025006,0.3,100.0,64.9,8.921641601512503,2.6764924804537507,"[2025-03-18 15:00:00] Charging HFC (64.9%): 70% RES to H2, 30% RES to load (14.47 kW), Grid 17.84 kW."
2025-03-18 15:30:00,32.663940475078974,0,0,16.14099838119975,0.3,100.0,64.9,8.070499190599875,2.4211497571799625,"[2025-03-18 15:30:00] Charging HFC (64.9%): 70% RES to H2, 30% RES to load (16.52 kW), Grid 16.14 kW."
2025-03-18 16:00:00,32.635755044089244,0,0,16.618286981108767,0.3,100.0,65.1,8.309143490554384,2.492743047166315,"[2025-03-18 16:00:00] Charging HFC (65.1%): 70% RES to H2, 30% RES to load (16.02 kW), Grid 16.62 kW."
2025-03-18 16:30:00,32.96667638113148,0,0,23.51500815040241,0.3,100.0,65.1,11.757504075201204,3.5272512225603614,"[2025-03-18 16:30:00] Charging HFC (65.1%): 70% RES to H2, 30% RES to load (9.45 kW), Grid 23.52 kW."
2025-03-18 17:00:00,31.105036410656624,0,0,23.852497504063734,0.3,100.0,65.2,11.926248752031867,3.57787462560956,"[2025-03-18 17:00:00] Charging HFC (65.2%): 70% RES to H2, 30% RES to load (7.25 kW), Grid 23.85 kW."
2025-03-18 17:30:00,30.802328143827665,0,0,24.870318357829,0.3,100.0,65.2,12.4351591789145,3.7305477536743497,"[2025-03-18 17:30:00] Charging HFC (65.2%): 70% RES to H2, 30% RES to load (5.93 kW), Grid 24.87 kW."
2025-03-18 18:00:00,31.089864528503373,0,0,27.00868664438929,0.3,100.0,65.2,13.504343322194645,4.051302996658393,"[2025-03-18 18:00:00] Charging HFC (65.2%): 70% RES to H2, 30% RES to load (4.08 kW), Grid 27.01 kW."
2025-03-18 18:30:00,29.747922859669437,0,0,21.58906661291985,0.3,100.0,65.3,10.794533306459925,3.2383599919379775,"[2025-03-18 18:30:00] Charging HFC (65.3%): 70% RES to H2, 30% RES to load (8.16 kW), Grid 21.59 kW."
2025-03-18 19:00:00,29.983979137892103,0,0,23.817169436846743,0.3,100.0,65.4,11.908584718423372,3.5725754155270115,"[2025-03-18 19:00:00] Charging HFC (65.4%): 70% RES to H2, 30% RES to load (6.17 kW), Grid 23.82 kW."
2025-03-18 19:30:00,28.15077126543829,0,0,21.128324041761523,0.3,100.0,65.4,10.564162020880762,3.169248606264228,"[2025-03-18 19:30:00] Charging HFC (65.4%): 70% RES to H2, 30% RES to load (7.02 kW), Grid 21.13 kW."
2025-03-18 20:00:00,24.383937017297725,0,0,17.409562793668837,0.2,100.0,65.5,8.704781396834418,1.7409562793668838,"[2025-03-18 20:00:00] Charging HFC (65.5%): 70% RES to H2, 30% RES to load (6.97 kW), Grid 17.41 kW."
2025-03-18 20:30:00,23.432228348863365,0,0,14.967549424422424,0.2,100.0,65.6,7.483774712211212,1.4967549424422426,"[2025-03-18 20:30:00] Charging HFC (65.6%): 70% RES to H2, 30% RES to load (8.46 kW), Grid 14.97 kW."
2025-03-18 21:00:00,22.530086007869606,0,0,14.303758316376832,0.2,100.0,65.6,7.151879158188416,1.4303758316376833,"[2025-03-18 21:00:00] Charging HFC (65.6%): 70% RES to H2, 30% RES to load (8.23 kW), Grid 14.30 kW."
2025-03-18 21:30:00,23.177945372926118,0,0,18.365322287631656,0.2,100.0,65.7,9.182661143815828,1.8365322287631658,"[2025-03-18 21:30:00] Charging HFC (65.7%): 70% RES to H2, 30% RES to load (4.81 kW), Grid 18.37 kW."
2025-03-18 22:00:00,22.224343598804154,0,0,15.864260562279508,0.15,100.0,65.8,7.932130281139754,1.189819542170963,"[2025-03-18 22:00:00] Charging HFC (65.8%): 70% RES to H2, 30% RES to load (6.36 kW), Grid 15.86 kW."
2025-03-18 22:30:00,13.958644729878937,0,0,9.257994158908705,0.15,100.0,65.8,4.6289970794543525,0.6943495619181529,"[2025-03-18 22:30:00] Charging HFC (65.8%): 70% RES to H2, 30% RES to load (4.70 kW), Grid 9.26 kW."
2025-03-18 23:00:00,15.012884122877978,0,0,11.378034218387981,0.15,100.0,65.8,5.6890171091939905,0.8533525663790985,"[2025-03-18 23:00:00] Charging HFC (65.8%): 70% RES to H2, 30% RES to load (3.63 kW), Grid 11.38 kW."
2025-03-18 23:30:00,14.445007356636772,0,0,9.893950500549872,0.15,100.0,65.9,4.946975250274936,0.7420462875412404,"[2025-03-18 23:30:00] Charging HFC (65.9%): 70% RES to H2, 30% RES to load (4.55 kW), Grid 9.89 kW."
2025-03-19 00:00:00,13.642371245691727,0,0,0.0,0.15,100.0,65.9,0.0,0.0,"[2025-03-19 00:00:00] Normal: RES covers 13.64 kW + 1.63 kW charging ESS, Grid 0.00 kW + 0.00 kW charging ESS (SoC 100.0%)."
2025-03-19 00:30:00,14.046850080874659,0,0,0.0,0.15,100.0,65.9,0.0,0.0,"[2025-03-19 00:30:00] Normal: RES covers 14.05 kW + 6.30 kW charging ESS, Grid 0.00 kW + 0.00 kW charging ESS (SoC 100.0%)."
2025-03-19 01:00:00,14.647495378029518,0,0,0.0,0.15,100.0,65.9,0.0,0.0,"[2025-03-19 01:00:00] Normal: RES covers 14.65 kW + 6.26 kW charging ESS, Grid 0.00 kW + 0.00 kW charging ESS (SoC 100.0%)."
2025-03-19 01:30:00,14.61670969560294,0,0,0.016314258540909066,0.15,100.0,65.9,0.008157129270454533,0.0012235693905681799,"[2025-03-19 01:30:00] Normal: RES covers 14.60 kW + 0.00 kW charging ESS, Grid 0.02 kW + 0.00 kW charging ESS (SoC 100.0%)."
2025-03-19 02:00:00,14.377515887924492,0,0,0.0,0.15,100.0,65.9,0.0,0.0,"[2025-03-19 02:00:00] Normal: RES covers 14.38 kW + 9.20 kW charging ESS, Grid 0.00 kW + 0.00 kW charging ESS (SoC 100.0%)."
2025-03-19 02:30:00,14.49400378365575,0,0,0.42670426949390006,0.15,100.0,65.9,0.21335213474695003,0.0320028202120425,"[2025-03-19 02:30:00] Normal: RES covers 14.07 kW + 0.00 kW charging ESS, Grid 0.43 kW + 0.00 kW charging ESS (SoC 100.0%)."
2025-03-19 03:00:00,14.612834493386792,0,0,4.847908091070309,0.15,100.0,65.9,2.4239540455351545,0.3635931068302732,"[2025-03-19 03:00:00] Normal: RES covers 9.76 kW + 0.00 kW charging ESS, Grid 4.85 kW + 0.00 kW charging ESS (SoC 100.0%)."
2025-03-19 03:30:00,13.488498632500214,0,0,0.0,0.15,100.0,65.9,0.0,0.0,"[2025-03-19 03:30:00] Normal: RES covers 13.49 kW + 7.39 kW charging ESS, Grid 0.00 kW + 0.00 kW charging ESS (SoC 100.0%)."
2025-03-19 04:00:00,14.918008633552123,0,0,1.2351111849227294,0.15,100.0,65.9,0.6175555924613647,0.0926333388692047,"[2025-03-19 04:00:00] Normal: RES covers 13.68 kW + 0.00 kW charging ESS, Grid 1.24 kW + 0.00 kW charging ESS (SoC 100.0%)."
2025-03-19 04:30:00,13.789322690394734,0,0,0.0,0.15,100.0,65.9,0.0,0.0,"[2025-03-19 04:30:00] Normal: RES covers 13.79 kW + 1.10 kW charging ESS, Grid 0.00 kW + 0.00 kW charging ESS (SoC 100.0%)."
2025-03-19 05:00:00,15.123350553558089,0,0,0.6305307991861788,0.15,100.0,65.9,0.3152653995930894,0.04728980993896341,"[2025-03-19 05:00:00] Normal: RES covers 14.49 kW + 0.00 kW charging ESS, Grid 0.63 kW + 0.00 kW charging ESS (SoC 100.0%)."
2025-03-19 05:30:00,14.715865061324159,0,0,0.0,0.15,100.0,65.9,0.0,0.0,"[2025-03-19 05:30:00] Normal: RES covers 14.72 kW + 3.16 kW charging ESS, Grid 0.00 kW + 0.00 kW charging ESS (SoC 100.0%)."
2025-03-19 06:00:00,16.13104615855516,0,0,0.0,0.15,100.0,65.9,0.0,0.0,"[2025-03-19 06:00:00] Normal: RES covers 16.13 kW + 2.00 kW charging ESS, Grid 0.00 kW + 0.00 kW charging ESS (SoC 100.0%)."
2025-03-19 06:30:00,14.982728923470912,0,0,0.0,0.15,100.0,65.9,0.0,0.0,"[2025-03-19 06:30:00] Normal: RES covers 14.98 kW + 6.11 kW charging ESS, Grid 0.00 kW + 0.00 kW charging ESS (SoC 100.0%)."
2025-03-19 07:00:00,16.978504574469603,0,0,0.0,0.2,100.0,65.9,0.0,0.0,"[2025-03-19 07:00:00] Normal: RES covers 16.98 kW + 8.91 kW charging ESS, Grid 0.00 kW + 0.00 kW charging ESS (SoC 100.0%)."
2025-03-19 07:30:00,16.833285522080892,0,0,0.0,0.2,100.0,65.9,0.0,0.0,"[2025-03-19 07:30:00] Normal: RES covers 16.83 kW + 19.93 kW charging ESS, Grid 0.00 kW + 0.00 kW charging ESS (SoC 100.0%)."
2025-03-19 08:00:00,22.52000782804203,0,0,0.0,0.2,100.0,65.9,0.0,0.0,"[2025-03-19 08:00:00] Normal: RES covers 22.52 kW + 12.71 kW charging ESS, Grid 0.00 kW + 0.00 kW charging ESS (SoC 100.0%)."
2025-03-19 08:30:00,22.55836521496029,0,0,0.0,0.2,100.0,65.9,0.0,0.0,"[2025-03-19 08:30:00] Normal: RES covers 22.56 kW + 25.31 kW charging ESS, Grid 0.00 kW + 0.00 kW charging ESS (SoC 100.0%)."
2025-03-19 09:00:00,21.4872146051333,0,0,0.0,0.2,100.0,65.9,0.0,0.0,"[2025-03-19 09:00:00] Normal: RES covers 21.49 kW + 39.32 kW charging ESS, Grid 0.00 kW + 0.00 kW charging ESS (SoC 100.0%)."
2025-03-19 09:30:00,23.3944270454547,0,0,0.0,0.2,100.0,65.9,0.0,0.0,"[2025-03-19 09:30:00] Normal: RES covers 23.39 kW + 27.96 kW charging ESS, Grid 0.00 kW + 0.00 kW charging ESS (SoC 100.0%)."
2025-03-19 10:00:00,22.45454203582716,0,0,0.0,0.2,100.0,65.9,0.0,0.0,"[2025-03-19 10:00:00] Normal: RES covers 22.45 kW + 38.17 kW charging ESS, Grid 0.00 kW + 0.00 kW charging ESS (SoC 100.0%)."
2025-03-19 10:30:00,22.76437932187623,0,0,0.0,0.2,100.0,65.9,0.0,0.0,"[2025-03-19 10:30:00] Normal: RES covers 22.76 kW + 42.97 kW charging ESS, Grid 0.00 kW + 0.00 kW charging ESS (SoC 100.0%)."
2025-03-19 11:00:00,22.498852027051736,0,0,0.0,0.2,100.0,65.9,0.0,0.0,"[2025-03-19 11:00:00] Normal: RES covers 22.50 kW + 38.15 kW charging ESS, Grid 0.00 kW + 0.00 kW charging ESS (SoC 100.0%)."
2025-03-19 11:30:00,23.8078737033231,0,0,0.0,0.2,100.0,65.9,0.0,0.0,"[2025-03-19 11:30:00] Normal: RES covers 23.81 kW + 47.88 kW charging ESS, Grid 0.00 kW + 0.00 kW charging ESS (SoC 100.0%)."
2025-03-19 12:00:00,23.00214207759243,0,0,0.0,0.2,100.0,65.9,0.0,0.0,"[2025-03-19 12:00:00] Normal: RES covers 23.00 kW + 46.85 kW charging ESS, Grid 0.00 kW + 0.00 kW charging ESS (SoC 100.0%)."
2025-03-19 12:30:00,23.813560023220163,0,0,0.0,0.2,100.0,65.9,0.0,0.0,"[2025-03-19 12:30:00] Normal: RES covers 23.81 kW + 41.48 kW charging ESS, Grid 0.00 kW + 0.00 kW charging ESS (SoC 100.0%)."
2025-03-19 13:00:00,23.199165748829,0,0,0.0,0.2,100.0,65.9,0.0,0.0,"[2025-03-19 13:00:00] Normal: RES covers 23.20 kW + 33.25 kW charging ESS, Grid 0.00 kW + 0.00 kW charging ESS (SoC 100.0%)."
2025-03-19 13:30:00,23.159155058419636,0,0,0.0,0.2,100.0,65.9,0.0,0.0,"[2025-03-19 13:30:00] Normal: RES covers 23.16 kW + 37.20 kW charging ESS, Grid 0.00 kW + 0.00 kW charging ESS (SoC 100.0%)."
2025-03-19 14:00:00,21.5083830855271,0,0,0.0,0.3,100.0,65.9,0.0,0.0,"[2025-03-19 14:00:00] Normal: RES covers 21.51 kW + 39.99 kW charging ESS, Grid 0.00 kW + 0.00 kW charging ESS (SoC 100.0%)."
2025-03-19 14:30:00,22.4185655286804,0,0,0.0,0.3,100.0,65.9,0.0,0.0,"[2025-03-19 14:30:00] Normal: RES covers 22.42 kW + 34.48 kW charging ESS, Grid 0.00 kW + 0.00 kW charging ESS (SoC 100.0%)."
2025-03-19 15:00:00,23.559613688505877,0,0,0.0,0.3,100.0,65.9,0.0,0.0,"[2025-03-19 15:00:00] Normal: RES covers 23.56 kW + 18.40 kW charging ESS, Grid 0.00 kW + 0.00 kW charging ESS (SoC 100.0%)."
2025-03-19 15:30:00,22.713738150253686,0,0,0.0,0.3,100.0,65.9,0.0,0.0,"[2025-03-19 15:30:00] Normal: RES covers 22.71 kW + 25.37 kW charging ESS, Grid 0.00 kW + 0.00 kW charging ESS (SoC 100.0%)."
2025-03-19 16:00:00,20.566740455646908,0,0,0.0,0.3,100.0,65.9,0.0,0.0,"[2025-03-19 16:00:00] Normal: RES covers 20.57 kW + 19.04 kW charging ESS, Grid 0.00 kW + 0.00 kW charging ESS (SoC 100.0%)."
2025-03-19 16:30:00,21.16875923046627,0,0,0.0,0.3,100.0,65.9,0.0,0.0,"[2025-03-19 16:30:00] Normal: RES covers 21.17 kW + 18.11 kW charging ESS, Grid 0.00 kW + 0.00 kW charging ESS (SoC 100.0%)."
2025-03-19 17:00:00,21.208978548325366,0,0,0.0,0.3,100.0,65.9,0.0,0.0,"[2025-03-19 17:00:00] Normal: RES covers 21.21 kW + 0.77 kW charging ESS, Grid 0.00 kW + 0.00 kW charging ESS (SoC 100.0%)."
2025-03-19 17:30:00,20.84136620276434,0,0,1.5422048509907924,0.3,100.0,65.9,0.7711024254953962,0.23133072764861884,"[2025-03-19 17:30:00] Normal: RES covers 19.30 kW + 0.00 kW charging ESS, Grid 1.54 kW + 0.00 kW charging ESS (SoC 100.0%)."
2025-03-19 18:00:00,21.85057076757687,0,0,0.0,0.3,100.0,65.9,0.0,0.0,"[2025-03-19 18:00:00] Normal: RES covers 21.85 kW + 1.64 kW charging ESS, Grid 0.00 kW + 0.00 kW charging ESS (SoC 100.0%)."
2025-03-19 18:30:00,22.17123288774269,0,0,7.970905249144662,0.3,100.0,65.9,3.985452624572331,1.1956357873716994,"[2025-03-19 18:30:00] Normal: RES covers 14.20 kW + 0.00 kW charging ESS, Grid 7.97 kW + 0.00 kW charging ESS (SoC 100.0%)."
2025-03-19 19:00:00,22.355922913130975,0,0,0.0,0.3,100.0,65.9,0.0,0.0,"[2025-03-19 19:00:00] Normal: RES covers 22.36 kW + 0.47 kW charging ESS, Grid 0.00 kW + 0.00 kW charging ESS (SoC 100.0%)."
2025-03-19 19:30:00,21.22606584886327,0,0,0.10870877940623913,0.3,100.0,65.9,0.054354389703119566,0.01630631691093587,"[2025-03-19 19:30:00] Normal: RES covers 21.12 kW + 0.00 kW charging ESS, Grid 0.11 kW + 0.00 kW charging ESS (SoC 100.0%)."
2025-03-19 20:00:00,15.335052265038662,0,0,0.0,0.2,100.0,65.9,0.0,0.0,"[2025-03-19 20:00:00] Normal: RES covers 15.34 kW + 12.36 kW charging ESS, Grid 0.00 kW + 0.00 kW charging ESS (SoC 100.0%)."
2025-03-19 20:30:00,15.127333414315617,0,0,0.0,0.2,100.0,65.9,0.0,0.0,"[2025-03-19 20:30:00] Normal: RES covers 15.13 kW + 3.41 kW charging ESS, Grid 0.00 kW + 0.00 kW charging ESS (SoC 100.0%)."
2025-03-19 21:00:00,15.959425310793847,0,0,0.0,0.2,100.0,65.9,0.0,0.0,"[2025-03-19 21:00:00] Normal: RES covers 15.96 kW + 5.53 kW charging ESS, Grid 0.00 kW + 0.00 kW charging ESS (SoC 100.0%)."
2025-03-19 21:30:00,16.442445498752182,0,0,3.982386285883649,0.2,100.0,65.9,1.9911931429418246,0.39823862858836495,"[2025-03-19 21:30:00] Normal: RES covers 12.46 kW + 0.00 kW charging ESS, Grid 3.98 kW + 0.00 kW charging ESS (SoC 100.0%)."
2025-03-19 22:00:00,13.805087817535785,0,0,0.0,0.15,100.0,65.9,0.0,0.0,"[2025-03-19 22:00:00] Normal: RES covers 13.81 kW + 5.70 kW charging ESS, Grid 0.00 kW + 0.00 kW charging ESS (SoC 100.0%)."
2025-03-19 22:30:00,14.130986721378324,0,0,0.0,0.15,100.0,65.9,0.0,0.0,"[2025-03-19 22:30:00] Normal: RES covers 14.13 kW + 2.58 kW charging ESS, Grid 0.00 kW + 0.00 kW charging ESS (SoC 100.0%)."
2025-03-19 23:00:00,14.217361986620267,0,0,3.029927387857633,0.15,100.0,65.9,1.5149636939288165,0.22724455408932245,"[2025-03-19 23:00:00] Normal: RES covers 11.19 kW + 0.00 kW charging ESS, Grid 3.03 kW + 0.00 kW charging ESS (SoC 100.0%)."
2025-03-19 23:30:00,14.33724830635635,0,0,3.3841285062652684,0.15,100.0,65.9,1.6920642531326342,0.25380963796989514,"[2025-03-19 23:30:00] Normal: RES covers 10.95 kW + 0.00 kW charging ESS, Grid 3.38 kW + 0.00 kW charging ESS (SoC 100.0%)."
2025-03-20 00:00:00,13.961728724936595,0,0,0.0,0.15,100.0,65.9,0.0,0.0,"[2025-03-20 00:00:00] Normal: RES covers 13.96 kW + 4.72 kW charging ESS, Grid 0.00 kW + 0.00 kW charging ESS (SoC 100.0%)."
2025-03-20 00:30:00,15.580101117034188,0,0,0.0,0.15,100.0,65.9,0.0,0.0,"[2025-03-20 00:30:00] Normal: RES covers 15.58 kW + 8.49 kW charging ESS, Grid 0.00 kW + 0.00 kW charging ESS (SoC 100.0%)."
2025-03-20 01:00:00,13.892100890104665,0,0,3.6188254845341508,0.15,100.0,65.9,1.8094127422670754,0.2714119113400613,"[2025-03-20 01:00:00] Normal: RES covers 10.27 kW + 0.00 kW charging ESS, Grid 3.62 kW + 0.00 kW charging ESS (SoC 100.0%)."
2025-03-20 01:30:00,14.592535958972888,0,0,0.0,0.15,100.0,65.9,0.0,0.0,"[2025-03-20 01:30:00] Normal: RES covers 14.59 kW + 12.70 kW charging ESS, Grid 0.00 kW + 0.00 kW charging ESS (SoC 100.0%)."
2025-03-20 02:00:00,15.152075075137724,0,0,0.0,0.15,100.0,65.9,0.0,0.0,"[2025-03-20 02:00:00] Normal: RES covers 15.15 kW + 3.09 kW charging ESS, Grid 0.00 kW + 0.00 kW charging ESS (SoC 100.0%)."
2025-03-20 02:30:00,14.68552492071009,0,0,0.0,0.15,100.0,65.9,0.0,0.0,"[2025-03-20 02:30:00] Normal: RES covers 14.69 kW + 10.13 kW charging ESS, Grid 0.00 kW + 0.00 kW charging ESS (SoC 100.0%)."
2025-03-20 03:00:00,14.512826469383594,0,0,0.0,0.15,100.0,65.9,0.0,0.0,"[2025-03-20 03:00:00] Normal: RES covers 14.51 kW + 4.23 kW charging ESS, Grid 0.00 kW + 0.00 kW charging ESS (SoC 100.0%)."
2025-03-20 03:30:00,14.591859157863084,0,0,0.0,0.15,100.0,65.9,0.0,0.0,"[2025-03-20 03:30:00] Normal: RES covers 14.59 kW + 10.14 kW charging ESS, Grid 0.00 kW + 0.00 kW charging ESS (SoC 100.0%)."
2025-03-20 04:00:00,14.99092652346663,0,0,0.0,0.15,100.0,65.9,0.0,0.0,"[2025-03-20 04:00:00] Normal: RES covers 14.99 kW + 5.43 kW charging ESS, Grid 0.00 kW + 0.00 kW charging ESS (SoC 100.0%)."
2025-03-20 04:30:00,15.725077890975928,0,0,0.0,0.15,100.0,65.9,0.0,0.0,"[2025-03-20 04:30:00] Normal: RES covers 15.73 kW + 5.62 kW charging ESS, Grid 0.00 kW + 0.00 kW charging ESS (SoC 100.0%)."
2025-03-20 05:00:00,14.9365453611891,0,0,0.0,0.15,100.0,65.9,0.0,0.0,"[2025-03-20 05:00:00] Normal: RES covers 14.94 kW + 4.59 kW charging ESS, Grid 0.00 kW + 0.00 kW charging ESS (SoC 100.0%)."
2025-03-20 05:30:00,14.7082257561656,0,0,0.0,0.15,100.0,65.9,0.0,0.0,"[2025-03-20 05:30:00] Normal: RES covers 14.71 kW + 9.30 kW charging ESS, Grid 0.00 kW + 0.00 kW charging ESS (SoC 100.0%)."
2025-03-20 06:00:00,16.107643862988382,0,0,0.0,0.15,100.0,65.9,0.0,0.0,"[2025-03-20 06:00:00] Normal: RES covers 16.11 kW + 5.50 kW charging ESS, Grid 0.00 kW + 0.00 kW charging ESS (SoC 100.0%)."
2025-03-20 06:30:00,15.601422146555079,0,0,0.0,0.15,100.0,65.9,0.0,0.0,"[2025-03-20 06:30:00] Normal: RES covers 15.60 kW + 5.36 kW charging ESS, Grid 0.00 kW + 0.00 kW charging ESS (SoC 100.0%)."
2025-03-20 07:00:00,16.482197522408818,0,0,0.0,0.2,100.0,65.9,0.0,0.0,"[2025-03-20 07:00:00] Normal: RES covers 16.48 kW + 12.62 kW charging ESS, Grid 0.00 kW + 0.00 kW charging ESS (SoC 100.0%)."
2025-03-20 07:30:00,16.60395295708862,0,0,0.0,0.2,100.0,65.9,0.0,0.0,"[2025-03-20 07:30:00] Normal: RES covers 16.60 kW + 23.94 kW charging ESS, Grid 0.00 kW + 0.00 kW charging ESS (SoC 100.0%)."
2025-03-20 08:00:00,22.555580893398094,0,0,0.0,0.2,100.0,65.9,0.0,0.0,"[2025-03-20 08:00:00] Normal: RES covers 22.56 kW + 29.08 kW charging ESS, Grid 0.00 kW + 0.00 kW charging ESS (SoC 100.0%)."
2025-03-20 08:30:00,21.60222237199585,0,0,0.0,0.2,100.0,65.9,0.0,0.0,"[2025-03-20 08:30:00] Normal: RES covers 21.60 kW + 17.42 kW charging ESS, Grid 0.00 kW + 0.00 kW charging ESS (SoC 100.0%)."
2025-03-20 09:00:00,23.63567053068672,0,0,0.0,0.2,100.0,65.9,0.0,0.0,"[2025-03-20 09:00:00] Normal: RES covers 23.64 kW + 23.15 kW charging ESS, Grid 0.00 kW + 0.00 kW charging ESS (SoC 100.0%)."
2025-03-20 09:30:00,22.912861335543013,0,0,0.0,0.2,100.0,65.9,0.0,0.0,"[2025-03-20 09:30:00] Normal: RES covers 22.91 kW + 32.93 kW charging ESS, Grid 0.00 kW + 0.00 kW charging ESS (SoC 100.0%)."
2025-03-20 10:00:00,23.158523341736316,0,0,0.0,0.2,100.0,65.9,0.0,0.0,"[2025-03-20 10:00:00] Normal: RES covers 23.16 kW + 34.08 kW charging ESS, Grid 0.00 kW + 0.00 kW charging ESS (SoC 100.0%)."
2025-03-20 10:30:00,23.837677563418794,0,0,0.0,0.2,100.0,65.9,0.0,0.0,"[2025-03-20 10:30:00] Normal: RES covers 23.84 kW + 36.11 kW charging ESS, Grid 0.00 kW + 0.00 kW charging ESS (SoC 100.0%)."
2025-03-20 11:00:00,23.312732019863965,0,0,0.0,0.2,100.0,65.9,0.0,0.0,"[2025-03-20 11:00:00] Normal: RES covers 23.31 kW + 35.79 kW charging ESS, Grid 0.00 kW + 0.00 kW charging ESS (SoC 100.0%)."
2025-03-20 11:30:00,22.658314967182363,0,0,0.0,0.2,100.0,65.9,0.0,0.0,"[2025-03-20 11:30:00] Normal: RES covers 22.66 kW + 42.98 kW charging ESS, Grid 0.00 kW + 0.00 kW charging ESS (SoC 100.0%)."
2025-03-20 12:00:00,23.436755755522498,0,0,0.0,0.2,100.0,65.9,0.0,0.0,"[2025-03-20 12:00:00] Normal: RES covers 23.44 kW + 42.37 kW charging ESS, Grid 0.00 kW + 0.00 kW charging ESS (SoC 100.0%)."
2025-03-20 12:30:00,21.813509862832447,0,0,0.0,0.2,100.0,65.9,0.0,0.0,"[2025-03-20 12:30:00] Normal: RES covers 21.81 kW + 50.89 kW charging ESS, Grid 0.00 kW + 0.00 kW charging ESS (SoC 100.0%)."
2025-03-20 13:00:00,23.235177417578356,0,0,0.0,0.2,100.0,65.9,0.0,0.0,"[2025-03-20 13:00:00] Normal: RES covers 23.24 kW + 48.69 kW charging ESS, Grid 0.00 kW + 0.00 kW charging ESS (SoC 100.0%)."
2025-03-20 13:30:00,22.78276973247721,0,0,0.0,0.2,100.0,65.9,0.0,0.0,"[2025-03-20 13:30:00] Normal: RES covers 22.78 kW + 38.11 kW charging ESS, Grid 0.00 kW + 0.00 kW charging ESS (SoC 100.0%)."
2025-03-20 14:00:00,24.018197256037787,0,0,0.0,0.3,100.0,65.9,0.0,0.0,"[2025-03-20 14:00:00] Normal: RES covers 24.02 kW + 36.34 kW charging ESS, Grid 0.00 kW + 0.00 kW charging ESS (SoC 100.0%)."
2025-03-20 14:30:00,21.68088255715772,0,0,0.0,0.3,100.0,65.9,0.0,0.0,"[2025-03-20 14:30:00] Normal: RES covers 21.68 kW + 40.69 kW charging ESS, Grid 0.00 kW + 0.00 kW charging ESS (SoC 100.0%)."
2025-03-20 15:00:00,23.062612280416577,0,0,0.0,0.3,100.0,65.9,0.0,0.0,"[2025-03-20 15:00:00] Normal: RES covers 23.06 kW + 30.73 kW charging ESS, Grid 0.00 kW + 0.00 kW charging ESS (SoC 100.0%)."
2025-03-20 15:30:00,22.719714477410633,0,0,0.0,0.3,100.0,65.9,0.0,0.0,"[2025-03-20 15:30:00] Normal: RES covers 22.72 kW + 25.86 kW charging ESS, Grid 0.00 kW + 0.00 kW charging ESS (SoC 100.0%)."
2025-03-20 16:00:00,22.424810634023036,0,0,0.0,0.3,100.0,65.9,0.0,0.0,"[2025-03-20 16:00:00] Normal: RES covers 22.42 kW + 16.89 kW charging ESS, Grid 0.00 kW + 0.00 kW charging ESS (SoC 100.0%)."
2025-03-20 16:30:00,22.36418302050051,0,0,0.0,0.3,100.0,65.9,0.0,0.0,"[2025-03-20 16:30:00] Normal: RES covers 22.36 kW + 8.04 kW charging ESS, Grid 0.00 kW + 0.00 kW charging ESS (SoC 100.0%)."
2025-03-20 17:00:00,22.211091371628683,0,0,0.0,0.3,100.0,65.9,0.0,0.0,"[2025-03-20 17:00:00] Normal: RES covers 22.21 kW + 17.25 kW charging ESS, Grid 0.00 kW + 0.00 kW charging ESS (SoC 100.0%)."
2025-03-20 17:30:00,21.422037305866176,0,0,0.0,0.3,100.0,65.9,0.0,0.0,"[2025-03-20 17:30:00] Normal: RES covers 21.42 kW + 0.95 kW charging ESS, Grid 0.00 kW + 0.00 kW charging ESS (SoC 100.0%)."
2025-03-20 18:00:00,22.686617390606425,0,0,4.339672977936619,0.3,100.0,65.9,2.1698364889683095,0.6509509466904928,"[2025-03-20 18:00:00] Normal: RES covers 18.35 kW + 0.00 kW charging ESS, Grid 4.34 kW + 0.00 kW charging ESS (SoC 100.0%)."
2025-03-20 18:30:00,22.10593915834868,0,0,7.706427183766493,0.3,100.0,65.9,3.8532135918832466,1.155964077564974,"[2025-03-20 18:30:00] Normal: RES covers 14.40 kW + 0.00 kW charging ESS, Grid 7.71 kW + 0.00 kW charging ESS (SoC 100.0%)."
2025-03-20 19:00:00,21.69069022753948,0,0,3.010419605934942,0.3,100.0,65.9,1.505209802967471,0.4515629408902413,"[2025-03-20 19:00:00] Normal: RES covers 18.68 kW + 0.00 kW charging ESS, Grid 3.01 kW + 0.00 kW charging ESS (SoC 100.0%)."
2025-03-20 19:30:00,23.09389957940821,0,0,0.0,0.3,100.0,65.9,0.0,0.0,"[2025-03-20 19:30:00] Normal: RES covers 23.09 kW + 6.58 kW charging ESS, Grid 0.00 kW + 0.00 kW charging ESS (SoC 100.0%)."
2025-03-20 20:00:00,15.492130792117644,0,0,0.0,0.2,100.0,65.9,0.0,0.0,"[2025-03-20 20:00:00] Normal: RES covers 15.49 kW + 4.54 kW charging ESS, Grid 0.00 kW + 0.00 kW charging ESS (SoC 100.0%)."
2025-03-20 20:30:00,16.879514922171957,0,0,2.077186865471086,0.2,100.0,65.9,1.038593432735543,0.20771868654710862,"[2025-03-20 20:30:00] Normal: RES covers 14.80 kW + 0.00 kW charging ESS, Grid 2.08 kW + 0.00 kW charging ESS (SoC 100.0%)."
2025-03-20 21:00:00,15.962578094034072,0,0,0.0,0.2,100.0,65.9,0.0,0.0,"[2025-03-20 21:00:00] Normal: RES covers 15.96 kW + 10.59 kW charging ESS, Grid 0.00 kW + 0.00 kW charging ESS (SoC 100.0%)."
2025-03-20 21:30:00,15.348163217105846,0,0,0.0,0.2,100.0,65.9,0.0,0.0,"[2025-03-20 21:30:00] Normal: RES covers 15.35 kW + 1.35 kW charging ESS, Grid 0.00 kW + 0.00 kW charging ESS (SoC 100.0%)."
2025-03-20 22:00:00,14.877050579696437,0,0,0.0,0.15,100.0,65.9,0.0,0.0,"[2025-03-20 22:00:00] Normal: RES covers 14.88 kW + 2.81 kW charging ESS, Grid 0.00 kW + 0.00 kW charging ESS (SoC 100.0%)."
2025-03-20 22:30:00,14.429593501289887,0,0,0.0,0.15,100.0,65.9,0.0,0.0,"[2025-03-20 22:30:00] Normal: RES covers 14.43 kW + 5.98 kW charging ESS, Grid 0.00 kW + 0.00 kW charging ESS (SoC 100.0%)."
2025-03-20 23:00:00,14.614407134167413,0,0,2.9840608177850534,0.15,100.0,65.9,1.4920304088925267,0.223804561333879,"[2025-03-20 23:00:00] Normal: RES covers 11.63 kW + 0.00 kW charging ESS, Grid 2.98 kW + 0.00 kW charging ESS (SoC 100.0%)."
2025-03-20 23:30:00,14.376286738462827,0,0,0.0,0.15,100.0,65.9,0.0,0.0,"[2025-03-20 23:30:00] Normal: RES covers 14.38 kW + 4.12 kW charging ESS, Grid 0.00 kW + 0.00 kW charging ESS (SoC 100.0%)."
